-- MySQL dump 10.13  Distrib 5.6.35, for Linux (x86_64)
--
-- Host: localhost    Database: gerenci1_base_proyectos
-- ------------------------------------------------------
-- Server version	5.6.35

/*!40101 SET @OLD_CHARACTER_SET_CLIENT=@@CHARACTER_SET_CLIENT */;
/*!40101 SET @OLD_CHARACTER_SET_RESULTS=@@CHARACTER_SET_RESULTS */;
/*!40101 SET @OLD_COLLATION_CONNECTION=@@COLLATION_CONNECTION */;
/*!40101 SET NAMES utf8 */;
/*!40103 SET @OLD_TIME_ZONE=@@TIME_ZONE */;
/*!40103 SET TIME_ZONE='+00:00' */;
/*!40014 SET @OLD_UNIQUE_CHECKS=@@UNIQUE_CHECKS, UNIQUE_CHECKS=0 */;
/*!40014 SET @OLD_FOREIGN_KEY_CHECKS=@@FOREIGN_KEY_CHECKS, FOREIGN_KEY_CHECKS=0 */;
/*!40101 SET @OLD_SQL_MODE=@@SQL_MODE, SQL_MODE='NO_AUTO_VALUE_ON_ZERO' */;
/*!40111 SET @OLD_SQL_NOTES=@@SQL_NOTES, SQL_NOTES=0 */;

--
-- Table structure for table `cargos`
--

DROP TABLE IF EXISTS `cargos`;
/*!40101 SET @saved_cs_client     = @@character_set_client */;
/*!40101 SET character_set_client = utf8 */;
CREATE TABLE `cargos` (
  `cod_cargo` int(11) NOT NULL AUTO_INCREMENT,
  `cargo` varchar(100) NOT NULL,
  PRIMARY KEY (`cod_cargo`)
) ENGINE=MyISAM AUTO_INCREMENT=20 DEFAULT CHARSET=latin1;
/*!40101 SET character_set_client = @saved_cs_client */;

--
-- Dumping data for table `cargos`
--

LOCK TABLES `cargos` WRITE;
/*!40000 ALTER TABLE `cargos` DISABLE KEYS */;
INSERT INTO `cargos` (`cod_cargo`, `cargo`) VALUES (1,'Abogado'),(2,'Sub Director'),(3,'Conductor'),(4,'Cps Tecnico'),(5,'Director Tecnico De Estructuracion de Proyectos'),(6,'Director Tecnico de Seguimiento y Control de Proyectos'),(7,'Gerente'),(8,'Cps Gesproy'),(9,'Profesional Universitario'),(10,'Recepcionista'),(11,'Secretaria'),(12,'Sub Gerente'),(13,'Concejal'),(14,'Técnico'),(15,'Profesional Universitario Especializado'),(16,'N/A'),(17,'Presidente JAC'),(18,'Coordinador Comite de Obras'),(19,'Celador');
/*!40000 ALTER TABLE `cargos` ENABLE KEYS */;
UNLOCK TABLES;

--
-- Table structure for table `contestada`
--

DROP TABLE IF EXISTS `contestada`;
/*!40101 SET @saved_cs_client     = @@character_set_client */;
/*!40101 SET character_set_client = utf8 */;
CREATE TABLE `contestada` (
  `cod_contestada` int(11) NOT NULL AUTO_INCREMENT,
  `contestada` varchar(10) NOT NULL,
  PRIMARY KEY (`cod_contestada`)
) ENGINE=MyISAM AUTO_INCREMENT=3 DEFAULT CHARSET=latin1;
/*!40101 SET character_set_client = @saved_cs_client */;

--
-- Dumping data for table `contestada`
--

LOCK TABLES `contestada` WRITE;
/*!40000 ALTER TABLE `contestada` DISABLE KEYS */;
INSERT INTO `contestada` (`cod_contestada`, `contestada`) VALUES (1,'Si'),(2,'No');
/*!40000 ALTER TABLE `contestada` ENABLE KEYS */;
UNLOCK TABLES;

--
-- Table structure for table `dependencias`
--

DROP TABLE IF EXISTS `dependencias`;
/*!40101 SET @saved_cs_client     = @@character_set_client */;
/*!40101 SET character_set_client = utf8 */;
CREATE TABLE `dependencias` (
  `cod_dependencia` int(11) NOT NULL AUTO_INCREMENT,
  `dependencia` varchar(100) NOT NULL,
  PRIMARY KEY (`cod_dependencia`)
) ENGINE=MyISAM AUTO_INCREMENT=36 DEFAULT CHARSET=latin1;
/*!40101 SET character_set_client = @saved_cs_client */;

--
-- Dumping data for table `dependencias`
--

LOCK TABLES `dependencias` WRITE;
/*!40000 ALTER TABLE `dependencias` DISABLE KEYS */;
INSERT INTO `dependencias` (`cod_dependencia`, `dependencia`) VALUES (1,'Tesoreria'),(2,'Contabilidad'),(3,'Recepcion'),(4,'Aim'),(5,'Presidente JAC'),(6,'Acacias'),(7,'Barranca De Upia'),(8,'Cabuyaro'),(9,'Castilla La Nueva'),(10,'Cubarral'),(11,'Cumaral'),(12,'Calvario'),(13,'El Castillo'),(14,'El Dorado'),(15,'Fuente de Oro'),(16,'Granada'),(17,'Guamal'),(18,'La Macarena'),(19,'Lejanias'),(20,'Mapiripan'),(21,'Mesetas'),(22,'Puerto Concordia'),(23,'Puerto Gaitan'),(24,'Puerto Lleras'),(25,'Puerto Lopez'),(26,'Puerto Rico'),(27,'Restrepo'),(28,'San Carlos de Guaroa'),(29,'San Juan de Arama'),(30,'San Juanito'),(31,'San Martin'),(32,'Uribe'),(33,'Villavicencio'),(34,'Vista Hermosa'),(35,'Gobernación');
/*!40000 ALTER TABLE `dependencias` ENABLE KEYS */;
UNLOCK TABLES;

--
-- Table structure for table `ejecuciones`
--

DROP TABLE IF EXISTS `ejecuciones`;
/*!40101 SET @saved_cs_client     = @@character_set_client */;
/*!40101 SET character_set_client = utf8 */;
CREATE TABLE `ejecuciones` (
  `cod_ejecucion` int(11) NOT NULL AUTO_INCREMENT,
  `cod_proyecto` int(11) NOT NULL,
  `fecha_ejecucion` date NOT NULL,
  `momento_ejecucion` int(11) NOT NULL,
  `fecha_ejecucion_final` date NOT NULL,
  `observaciones` varchar(250) NOT NULL,
  `cumple` int(11) NOT NULL,
  `avance_programado` varchar(100) NOT NULL,
  `avance_ejecutado` varchar(100) NOT NULL,
  PRIMARY KEY (`cod_ejecucion`)
) ENGINE=MyISAM AUTO_INCREMENT=20 DEFAULT CHARSET=latin1;
/*!40101 SET character_set_client = @saved_cs_client */;

--
-- Dumping data for table `ejecuciones`
--

LOCK TABLES `ejecuciones` WRITE;
/*!40000 ALTER TABLE `ejecuciones` DISABLE KEYS */;
INSERT INTO `ejecuciones` (`cod_ejecucion`, `cod_proyecto`, `fecha_ejecucion`, `momento_ejecucion`, `fecha_ejecucion_final`, `observaciones`, `cumple`, `avance_programado`, `avance_ejecutado`) VALUES (1,201707,'2017-01-01',9,'2017-01-07','jhgjgkgkhg',0,'20','15'),(2,201606,'2016-11-01',3,'2016-12-30','',0,'%','%'),(3,201701,'2017-02-15',1,'2017-02-15','ninguna',0,'5%','2%'),(4,201606,'0000-00-00',6,'0000-00-00','',0,'%','%'),(5,201606,'2016-12-12',6,'2016-12-12','',0,'%','%'),(6,201606,'2017-02-15',6,'2017-02-15','',0,'%','%'),(7,201606,'2016-11-01',8,'2016-12-15','',0,'%75','%27'),(8,201501,'2016-11-18',9,'2016-11-24','semana 92',0,'55.28 %','60.15 %'),(9,201501,'2016-11-11',9,'2016-11-17','semana 91',0,'54.33 %','58.44 %'),(10,201501,'2016-11-04',1,'2016-11-10','semana 90',0,'53.24 %','57.88 %'),(11,201501,'2016-07-25',6,'2016-07-25','No. 15 se hace la solicitud a concol concepto sobre el tramo de la union',0,'%','%'),(12,201501,'2016-08-17',6,'2016-08-17','No. 16 pendiente el concepto del consultor',0,'%','%'),(13,201501,'2016-08-31',1,'2016-08-31','No. 17 solo se tocan temas siso',0,'%','%'),(14,201501,'2016-09-21',1,'2016-09-21','No. 17 para esta fecha concol no ha entregado el concepto',0,'%','%'),(15,201501,'2017-01-12',1,'2017-01-12','No. 18 para esta fecha no se ha definido el tema de la re forestación y se hace el compromiso de entregar los documentos soporte para el  ajuste ante el OCAD por parte del contratista.',0,'%','%'),(16,201501,'2017-02-02',1,'2017-02-02','No. 19 en este acta se hacen compromisos para el 03, 10 y 13 de febrero',0,'%','%'),(17,201501,'2017-02-14',6,'2017-02-14','no se hizo acta pero se envió correo electrónico, se da como fecha perentoria el día 22-02-17 para la entrega del ajuste, sopena de terminar el proyecto en las condiciones actuales.',0,'%','%'),(18,201501,'2017-02-22',7,'2017-02-22','se envía oficio por correo electrónico',0,'%','%'),(19,201501,'2015-05-15',1,'2015-05-15','No. 1 aclarar la clausula tercera forma de pago, donde dice que la cuenta del anticipo sera vigilada por la supervisión, se aclara que será controlada por la supervisión fue solicitada por nelsón cifuentes',0,'%','%');
/*!40000 ALTER TABLE `ejecuciones` ENABLE KEYS */;
UNLOCK TABLES;

--
-- Table structure for table `enteejecutor`
--

DROP TABLE IF EXISTS `enteejecutor`;
/*!40101 SET @saved_cs_client     = @@character_set_client */;
/*!40101 SET character_set_client = utf8 */;
CREATE TABLE `enteejecutor` (
  `cod_enteejecutor` int(11) NOT NULL AUTO_INCREMENT,
  `enteejecutor` varchar(50) NOT NULL,
  PRIMARY KEY (`cod_enteejecutor`)
) ENGINE=MyISAM AUTO_INCREMENT=6 DEFAULT CHARSET=latin1;
/*!40101 SET character_set_client = @saved_cs_client */;

--
-- Dumping data for table `enteejecutor`
--

LOCK TABLES `enteejecutor` WRITE;
/*!40000 ALTER TABLE `enteejecutor` DISABLE KEYS */;
INSERT INTO `enteejecutor` (`cod_enteejecutor`, `enteejecutor`) VALUES (1,'Sin Ente ejecutor'),(2,'AIM'),(3,'Alcaldia'),(4,'EMSA'),(5,'Gobernacion');
/*!40000 ALTER TABLE `enteejecutor` ENABLE KEYS */;
UNLOCK TABLES;

--
-- Table structure for table `estadodelproyecto`
--

DROP TABLE IF EXISTS `estadodelproyecto`;
/*!40101 SET @saved_cs_client     = @@character_set_client */;
/*!40101 SET character_set_client = utf8 */;
CREATE TABLE `estadodelproyecto` (
  `cod_estadodelproyecto` int(11) NOT NULL AUTO_INCREMENT,
  `estadodelproyecto` varchar(50) NOT NULL,
  PRIMARY KEY (`cod_estadodelproyecto`)
) ENGINE=MyISAM AUTO_INCREMENT=18 DEFAULT CHARSET=latin1;
/*!40101 SET character_set_client = @saved_cs_client */;

--
-- Dumping data for table `estadodelproyecto`
--

LOCK TABLES `estadodelproyecto` WRITE;
/*!40000 ALTER TABLE `estadodelproyecto` DISABLE KEYS */;
INSERT INTO `estadodelproyecto` (`cod_estadodelproyecto`, `estadodelproyecto`) VALUES (1,'Adjudicacion'),(2,'Cumplimiento de requisitos'),(3,'Ejecucion'),(4,'En proceso de actualizacion'),(5,'Estructuracion'),(6,'Estructuracion suspendida'),(7,'Etapa pre contractual'),(8,'Licitacion'),(9,'Licitacion suspendida'),(10,'Mesa tecnica'),(11,'Revision'),(12,'Revision suspendida'),(13,'Revision terminada'),(14,'Terminado anormalmente'),(15,'Terminado satisfactoriamente'),(16,'Sin Fuente de Financiación'),(17,'Liquidación');
/*!40000 ALTER TABLE `estadodelproyecto` ENABLE KEYS */;
UNLOCK TABLES;

--
-- Table structure for table `estrategiadelproyecto`
--

DROP TABLE IF EXISTS `estrategiadelproyecto`;
/*!40101 SET @saved_cs_client     = @@character_set_client */;
/*!40101 SET character_set_client = utf8 */;
CREATE TABLE `estrategiadelproyecto` (
  `cod_estrategiadelproyecto` int(11) NOT NULL AUTO_INCREMENT,
  `estrategiadelproyecto` varchar(50) NOT NULL,
  PRIMARY KEY (`cod_estrategiadelproyecto`)
) ENGINE=MyISAM AUTO_INCREMENT=12 DEFAULT CHARSET=latin1;
/*!40101 SET character_set_client = @saved_cs_client */;

--
-- Dumping data for table `estrategiadelproyecto`
--

LOCK TABLES `estrategiadelproyecto` WRITE;
/*!40000 ALTER TABLE `estrategiadelproyecto` DISABLE KEYS */;
INSERT INTO `estrategiadelproyecto` (`cod_estrategiadelproyecto`, `estrategiadelproyecto`) VALUES (1,'Sin definir'),(2,'ANI'),(3,'COLDEPORTES'),(4,'Consultoria'),(5,'DPS'),(6,'FONADE'),(7,'ICBF'),(8,'INVIAS'),(9,'Ministerio de Minas y Energia'),(10,'Recursos propios'),(11,'SGR');
/*!40000 ALTER TABLE `estrategiadelproyecto` ENABLE KEYS */;
UNLOCK TABLES;

--
-- Table structure for table `estructuracion`
--

DROP TABLE IF EXISTS `estructuracion`;
/*!40101 SET @saved_cs_client     = @@character_set_client */;
/*!40101 SET character_set_client = utf8 */;
CREATE TABLE `estructuracion` (
  `cod_estructuracion` int(11) NOT NULL AUTO_INCREMENT,
  `cod_proyecto` int(11) NOT NULL,
  `fecha_estructuracion` date NOT NULL,
  `momento` int(11) NOT NULL,
  `observaciones` varchar(250) NOT NULL,
  PRIMARY KEY (`cod_estructuracion`)
) ENGINE=MyISAM AUTO_INCREMENT=190 DEFAULT CHARSET=latin1;
/*!40101 SET character_set_client = @saved_cs_client */;

--
-- Dumping data for table `estructuracion`
--

LOCK TABLES `estructuracion` WRITE;
/*!40000 ALTER TABLE `estructuracion` DISABLE KEYS */;
INSERT INTO `estructuracion` (`cod_estructuracion`, `cod_proyecto`, `fecha_estructuracion`, `momento`, `observaciones`) VALUES (1,201710,'2017-01-30',1,'Rad - 0387'),(164,201710,'2017-02-14',2,'se asigna a melby para la etapa de estructuración'),(165,201710,'2017-02-15',3,'inicia la revisión'),(166,201711,'2017-02-15',2,'se asigna a camilo balcazar'),(9,201702,'2017-01-18',1,'Rad-0162'),(10,201702,'2017-01-19',2,'se asigna a alejandra duque para la etapa de estructuración'),(11,201703,'2017-01-18',1,'Rad-0173'),(12,201703,'2017-01-19',2,'se asigna a angela castro para la etapa de revisión y estructuración'),(13,201654,'2016-09-12',1,'se asigna a john fitgeral para la revisión'),(14,201702,'2017-01-20',3,'Pendiente de concepto de PNN y cormacarena, aun sin asignacion de recursos, informacion dada a la Gobernadora el dia 17-02-2017 en reunión con comunidad'),(15,201703,'2017-01-20',3,''),(16,201701,'2017-01-03',2,'se asigna a daniel garcia, no tiene ingreso al AIM debido a que el proyecto es producto de una consultoría realizada por el AIM '),(17,201704,'2017-01-03',2,'se asigna a camilo balcazar, no tiene ingreso al AIM debido a que el proyecto es producto de una consultoría realizada por el AIM'),(18,201705,'2017-01-16',2,'se asigna a alexis ramirez, no tiene ingreso al AIM debido a que el proyecto es producto de una consultoría realizada por el AIM'),(19,201705,'2017-01-17',3,''),(20,201704,'2017-01-04',3,''),(21,201701,'2017-01-04',3,''),(22,201706,'2017-01-23',1,'se asigna a angela castro proyecto que esta en la agencia desde el 2015 se encuentra en fase III, llego hasta licitación y se declaro desierta, en este momento se encuentra sin fuente de financiación'),(23,201706,'2017-01-23',2,'se asigna a angela castro por si se llega a reactivar '),(24,201706,'2017-01-24',3,'se guarda el proyecto en la DTEP mientras se le asigna fuente de financiación'),(25,201706,'2017-01-24',23,'se archiva en la DTEP mientras se asigna fuente de financiación'),(26,201671,'0000-00-00',9,''),(27,201613,'2016-01-01',1,'prueba'),(28,201629,'0000-00-00',21,''),(29,201629,'2017-01-26',21,'lo tenialncksvkbdskvbadjkfbvkdslfb'),(30,201607,'2016-01-01',1,'cgngnxgnxxgnfg'),(31,201618,'0000-00-00',1,''),(32,201618,'2016-01-01',1,'ssgxfgfjxfjdfj'),(33,201703,'2017-01-27',21,'se reasigna el proyecto debido a que no se realizo la revisión por el supervisor asignado'),(34,201678,'2016-01-01',1,'Asignado por el Gerente'),(35,201644,'0000-00-00',4,'2016005500026'),(36,201605,'0000-00-00',4,'2016005500004'),(37,201669,'2016-12-10',2,''),(38,201638,'2016-04-07',1,'Ingreso a AIM'),(39,201641,'2016-01-25',1,'se recibe a mano'),(40,201641,'2016-01-26',2,'se asigna a diana gutierrez para la etapa de estructuración'),(41,201641,'2016-01-27',3,''),(42,201670,'2016-11-05',1,''),(43,0,'0000-00-00',0,''),(44,201670,'2016-12-10',24,'el municipio recogio el proyecto'),(45,201610,'0000-00-00',21,''),(46,201651,'2016-08-26',1,'se asigno a monica puerto en la etapa de estructuracion'),(47,201651,'2016-08-26',2,'se asigno a monica puerto'),(48,201651,'2016-08-27',3,''),(49,201660,'2017-11-03',1,''),(50,201660,'0000-00-00',2,''),(51,201660,'2017-10-03',1,''),(52,201660,'2017-10-03',2,''),(53,201660,'2017-01-20',3,''),(54,201659,'2016-09-27',1,''),(55,201659,'2016-09-28',2,''),(56,201659,'2016-10-03',3,''),(57,201659,'2017-01-30',8,''),(58,201659,'2017-01-30',9,''),(59,201658,'2016-09-30',1,''),(60,201658,'2016-09-30',2,''),(61,201658,'2016-10-10',3,''),(62,201659,'2017-01-30',10,''),(63,201661,'2016-10-30',1,''),(64,201661,'2016-10-30',2,''),(65,201661,'2017-01-25',3,''),(66,201610,'0000-00-00',1,'Se recibe py del mpio de Granada para revision'),(67,201610,'2016-05-16',2,'Se designa a la Ing Alejandra Duque para revision tecnica'),(68,201610,'2016-05-19',3,'El py cumple con los requisitos para radicacion en el banco '),(69,201610,'2016-05-23',9,''),(70,201610,'2016-05-26',10,''),(71,201610,'2016-05-27',11,''),(72,201703,'2017-02-02',3,'El proyecto tiene deficiencias y faltan componenetes'),(73,201669,'2016-12-11',3,''),(74,201610,'2016-05-15',1,'Se recibe a la mano rl py del mpio de Granada para revision'),(75,201703,'2017-02-02',22,'En respuesta a la solicitud de la referencia me permito informarle que la DIRECCIÓN TÉCNICA DE ESTRUCTURACIÓN DE PROYECTOS AIM realizo la revisión técnica del proyecto en mención, una vez revisado se observó que no cumple con los requisitos técnicos '),(76,201703,'2017-02-03',23,'se envía el concepto técnico al gerente y sub gerente técnico'),(77,201707,'2017-01-13',2,'este proyecto es iniciativa de la agencia por tal motivo no tiene ingreso por radicación'),(78,201707,'2017-01-03',2,'este proyecto es iniciativa de la agencia por tal motivo no tiene ingreso por radicación'),(79,201707,'2017-01-03',3,'se inicia la revisión con una visita de campo realizada a las instalaciones de la casa de la cultura'),(80,201708,'2017-02-02',1,''),(81,201708,'2017-02-03',2,'se asigna a julian osorio para la etapa de estructuración'),(82,201708,'2017-02-03',3,''),(83,201613,'2016-04-14',1,'Se recibe el py en el AIM, por parte del mpio de Mesetas sin radicar'),(84,201613,'2016-04-18',2,'Se designa a la Ing Alejandra Duque para revision tecnica'),(85,201613,'2016-06-07',3,'Se devuelve el py al mpio por concepto no favorable de parques Nacionales'),(86,201613,'2016-06-14',23,''),(167,201711,'2017-02-14',1,'Rad '),(168,201712,'2017-02-09',1,'Rad 0629'),(88,201709,'2017-02-03',2,'se asigna a fernando espejo para la estructuracion'),(89,201709,'2017-02-03',1,'Rad-0518'),(90,201709,'2017-02-06',3,''),(91,201609,'2016-05-02',1,'Se recibe py del mpio de Puerto Lopez para revision'),(92,201631,'0000-00-00',1,'se entrego sin radicado al Arq Daniel Garcia'),(93,201609,'2016-05-03',2,'Se designa a la Ing Alejandra Duque para revision tecnica'),(94,201609,'2016-05-13',3,''),(95,201609,'2016-05-18',9,'El py cumple con los requisitos para radicacion en el banco '),(96,201609,'2016-05-26',10,''),(97,201609,'2016-05-27',11,''),(98,201608,'2016-04-14',1,'Se recibe py del mpio de Puerto Lopez para revision'),(99,201608,'2016-04-15',2,'Se designa a la Ing Alejandra Duque para revision tecnica'),(100,201608,'2016-05-03',3,''),(101,201608,'2016-05-18',9,''),(102,201608,'2016-05-26',10,''),(103,201608,'2016-05-27',11,''),(104,201682,'2016-12-01',1,'Se recibe py del mpio de San Martin para revision'),(105,201682,'2016-12-02',2,'Se designa a la Ing Alejandra Duque para revision tecnica'),(106,201682,'2016-12-09',3,''),(107,201682,'2016-12-14',9,'Recibido en planeacion Dptal'),(108,201682,'2016-12-15',10,''),(109,201682,'2016-12-16',11,''),(110,201631,'2016-08-25',1,'se entrego sin radicado al Arq Daniel Garcia	se recibe a la mano'),(111,201631,'2016-08-26',2,'se asigna a daniel garcia para la etapa de estructuracion '),(112,201631,'2016-08-27',3,'se inicia la revisión tecnica'),(113,201673,'2016-11-17',1,'Rad-5348 '),(114,201673,'2106-11-21',2,'se asigna a daniel garcia'),(115,201673,'2016-11-22',3,''),(116,201673,'2016-12-06',22,'no es viable tecnicamente'),(117,201673,'2016-12-06',23,'se suspende por parte de la DTEP'),(118,201673,'2017-02-03',21,'se reanuda la estructuración y se le asigna a fernando espejo'),(119,201673,'2017-02-03',2,'se asigna a fernando espejo'),(120,201673,'2017-02-03',3,'se inicia la segunda revisión técnica'),(121,201674,'2016-11-17',1,'Rad 5347'),(122,201674,'2016-11-21',2,'se asigna a camilo balcazar para la etapa de estructuracion'),(123,201674,'2016-11-22',3,'inicia la revisión técnica'),(124,201674,'2016-12-05',22,'se emite por parte del supervisor y se envía vía e-mail al municipio'),(125,201674,'2016-12-05',23,'se suspende por parte de la DTEP ya que no cumple con los requisitos técnicos necesarios'),(126,201674,'2017-02-03',21,'se reanuda la estructuración por solicitud del municipio y se asigna a fernando espejo'),(127,201674,'2017-02-03',2,'se asigna a fernando espejo para la segunda revisión'),(128,201674,'2017-02-03',3,'se inicia la segunda revisión técnica'),(129,201601,'2016-03-15',1,''),(130,201601,'2016-03-16',2,'se asigna a julian osorio'),(131,201601,'2016-03-17',3,'se inicia la revisión'),(132,201601,'2016-03-28',21,'se reasigna por orden de la sub gerencia técnica'),(133,201601,'2016-04-08',22,'se emite por parte del supervisor'),(134,201601,'2016-04-11',23,'el proyecto no es técnicamente viable se debe ajustar al acuerdo 038 y ajustar a la nueva norma de establecimientos educativos de jornada unica '),(135,201602,'2016-03-15',1,'se recibe a la mano'),(136,201602,'2016-03-16',2,'se asigna a fernando espejo'),(137,201602,'2016-09-09',7,'ACTA No. XLIII - Sesión 42'),(138,201602,'2016-09-12',8,''),(139,201603,'2016-03-15',1,'se entrega a la mano'),(140,201603,'2016-03-16',2,'se asigna a maría victoria para la etapa de estructuración'),(141,201603,'2016-09-09',7,'ACTA No. XLIII - Sesión 42'),(142,201603,'2016-09-10',8,''),(143,201604,'2016-03-15',1,'se asigna a diana gutierrez'),(144,201604,'2016-03-16',2,'se asigna a diana gutierrez'),(145,201604,'2016-03-17',3,'se inicia la revisión'),(146,201604,'2016-03-20',22,'En respuesta a la solicitud de la referencia me permito informarle que la DIRECCIÓN TÉCNICA DE ESTRUCTURACIÓN DE PROYECTOS AIM realizo la revisión técnica del proyecto en mención, una vez revisado se observó que no cumple con los requisitos técnicos '),(147,201604,'2016-03-21',23,'La DTEP suspende la estructuración ya que no cumple con los requisitos técnicos.'),(148,201602,'2016-03-17',3,'se inicia la revisión'),(149,201603,'2016-03-17',3,'se inicia la revisión'),(150,201605,'2016-03-15',1,'se recibe a la mano'),(151,201605,'2016-03-16',2,'se asigna a milena castaño'),(152,201605,'2016-03-17',3,'se inicia la revisión'),(153,201606,'2016-03-07',1,'es iniciativa de la agencia por tal motivo no tiene ingreso'),(154,201606,'2016-03-08',2,'se asigna a fernando espejo'),(155,201606,'2016-03-09',3,'se inicia la revisión'),(156,201606,'2016-05-02',22,'cumple con os requerimientos para ser tramitado'),(157,201606,'2016-05-06',11,'BPP 015/2016'),(158,201631,'0000-00-00',3,'Se hizo una segunda revisión técnica para completar la lista de chequeo '),(159,201631,'2016-09-20',3,'Se hizo una segunda revisión técnica para completar la lista de chequeo '),(160,201611,'2016-05-30',1,''),(161,201611,'2016-05-31',2,'se asigna a maría victoria'),(162,201611,'2016-09-09',7,'ACTA No. XLIII - Sesión 42'),(163,201708,'2017-02-13',24,'se devolvieron las carpetas al estructurador'),(169,201712,'2017-02-15',2,'se asigna a wilder guevara'),(170,201712,'2017-02-15',3,'se inicia la revisión'),(171,201713,'2017-02-09',1,'Rad 0628'),(172,201713,'2017-02-15',2,'se asigna a wilder'),(173,201713,'2017-02-15',3,'se inicia la revisión'),(174,201714,'2017-02-10',1,'Rad 0665'),(175,201714,'2017-02-15',2,'se asigna a breinner'),(176,201714,'2017-02-15',3,'se inicia la revisión'),(177,201715,'2017-02-10',1,'Rad 0665'),(178,201715,'2017-02-15',2,'se asigna a breinner'),(179,201715,'2017-02-15',3,'inicia la revisión técnica'),(180,201673,'0000-00-00',3,'Viable'),(181,201701,'2017-01-01',1,'ninguna'),(182,201701,'2017-01-02',1,'gfjxvhvdhgm'),(183,201626,'2016-06-14',1,'se recibe a la mano'),(184,201626,'2016-06-15',2,'se asigna a angela castro'),(185,201626,'2016-06-16',3,'se inicia la revisión'),(186,201626,'2016-07-29',23,'no se trajo documentos para revisar'),(187,201717,'2017-01-01',1,''),(188,201716,'2017-02-01',2,'este proyecto es iniciativa del AIM'),(189,201716,'2017-02-02',3,'se inicia la revisión');
/*!40000 ALTER TABLE `estructuracion` ENABLE KEYS */;
UNLOCK TABLES;

--
-- Table structure for table `fases`
--

DROP TABLE IF EXISTS `fases`;
/*!40101 SET @saved_cs_client     = @@character_set_client */;
/*!40101 SET character_set_client = utf8 */;
CREATE TABLE `fases` (
  `cod_fase` int(11) NOT NULL AUTO_INCREMENT,
  `fase` varchar(10) NOT NULL,
  PRIMARY KEY (`cod_fase`)
) ENGINE=MyISAM AUTO_INCREMENT=6 DEFAULT CHARSET=latin1;
/*!40101 SET character_set_client = @saved_cs_client */;

--
-- Dumping data for table `fases`
--

LOCK TABLES `fases` WRITE;
/*!40000 ALTER TABLE `fases` DISABLE KEYS */;
INSERT INTO `fases` (`cod_fase`, `fase`) VALUES (1,'Fase 1'),(2,'Fase 2'),(3,'Fase 3');
/*!40000 ALTER TABLE `fases` ENABLE KEYS */;
UNLOCK TABLES;

--
-- Table structure for table `fuentesdefinanciacion`
--

DROP TABLE IF EXISTS `fuentesdefinanciacion`;
/*!40101 SET @saved_cs_client     = @@character_set_client */;
/*!40101 SET character_set_client = utf8 */;
CREATE TABLE `fuentesdefinanciacion` (
  `cod_fuentedefinanciacion` int(11) NOT NULL,
  `fuentedefinanciacion` varchar(250) NOT NULL,
  `tipofuentedefinanciacion` varchar(250) NOT NULL,
  PRIMARY KEY (`cod_fuentedefinanciacion`)
) ENGINE=MyISAM DEFAULT CHARSET=latin1;
/*!40101 SET character_set_client = @saved_cs_client */;

--
-- Dumping data for table `fuentesdefinanciacion`
--

LOCK TABLES `fuentesdefinanciacion` WRITE;
/*!40000 ALTER TABLE `fuentesdefinanciacion` DISABLE KEYS */;
INSERT INTO `fuentesdefinanciacion` (`cod_fuentedefinanciacion`, `fuentedefinanciacion`, `tipofuentedefinanciacion`) VALUES (0,'Recursos de la Nacion','Nacion - destinacion especifica'),(3,'costo asociado de proyectos','propios - destinacion especifica'),(4,'estampilla pro desarrollo','propios - destinacion especifica'),(5,'estampilla pro electrificacion','propios - destinacion especifica'),(14,'municipio de vista hermosa - OCAD 11','propios - destinacion especifica'),(15,'municipio de pto concordia - OCAD 12','propios - destinacion especifica'),(16,'municipio de acacias - OCAD 22','propios - destinacion especifica'),(17,'contribucion de valorizacion','propios - destinacion especifica'),(18,'coldeportes conv. 744/2013','nacion - destinacion especifica'),(20,'ingresos corrientes de libre destinacion','propios - libre destinacion'),(21,'municipio de pto rico - OCAD 11','propios - destinacion especifica'),(22,'alcaldia de pto lleras conv. 001/2014','propios - destinacion especifica'),(23,'sobretasa al ACPM','propios - destinacion especifica'),(24,'municipio de san carlos de guaroa conv. 232/2014','propios - destinacion especifica'),(25,'municipio de castilla la nueva conv. 186/2014','propios - destinacion especifica'),(42,'contribucion de seguridad','propios - destinacion especifica'),(125,'recursos del credito','propios - destinacion especifica'),(131,'alcaldia conv. 131/2010, fuente SGP 2008','propios - destinacion especifica'),(132,'alcaldia conv. 131/2010, fuente ICLD','propios - destinacion especifica'),(133,'alcaldia conv. 131/2010, fuente regalias','propios - destinacion especifica'),(148,'ecopetrol conv. 148/2009','nacion - destinacion especifica'),(149,'ecopetrol conv. 5223932/2015','nacion - destinacion especifica'),(150,'fund.amanecer conv 5223932/2015','propios - destinacion especifica'),(191,'regalias por petroleo libre','propios - destinacion especifica'),(192,'regalias por petroleo cobertura','propios - destinacion especifica'),(193,'destinacion especifica margen de comercializacion','propios - destinacion especifica'),(194,'sistema general de regalias','propios - destinacion especifica'),(196,'credito interno','propios - destinacion especifica'),(305,'ecopetrol convenio DHS 147/2009','propios - destinacion especifica'),(306,'ecopetrol convenio DHS 4029255','propios - destinacion especifica'),(418,'invias conv. 3144/2013','nacion - destinacion especifica');
/*!40000 ALTER TABLE `fuentesdefinanciacion` ENABLE KEYS */;
UNLOCK TABLES;

--
-- Table structure for table `fuentesporproyectos`
--

DROP TABLE IF EXISTS `fuentesporproyectos`;
/*!40101 SET @saved_cs_client     = @@character_set_client */;
/*!40101 SET character_set_client = utf8 */;
CREATE TABLE `fuentesporproyectos` (
  `cod_fuentesporproyectos` int(11) NOT NULL AUTO_INCREMENT,
  `cod_proyecto` int(11) NOT NULL,
  `cod_fuentedefinanciacion` int(11) NOT NULL,
  PRIMARY KEY (`cod_fuentesporproyectos`)
) ENGINE=MyISAM AUTO_INCREMENT=4 DEFAULT CHARSET=latin1;
/*!40101 SET character_set_client = @saved_cs_client */;

--
-- Dumping data for table `fuentesporproyectos`
--

LOCK TABLES `fuentesporproyectos` WRITE;
/*!40000 ALTER TABLE `fuentesporproyectos` DISABLE KEYS */;
INSERT INTO `fuentesporproyectos` (`cod_fuentesporproyectos`, `cod_proyecto`, `cod_fuentedefinanciacion`) VALUES (2,201716,23),(3,201717,20);
/*!40000 ALTER TABLE `fuentesporproyectos` ENABLE KEYS */;
UNLOCK TABLES;

--
-- Table structure for table `licitaciones`
--

DROP TABLE IF EXISTS `licitaciones`;
/*!40101 SET @saved_cs_client     = @@character_set_client */;
/*!40101 SET character_set_client = utf8 */;
CREATE TABLE `licitaciones` (
  `cod_licitacion` int(11) NOT NULL AUTO_INCREMENT,
  `cod_proyecto` int(11) NOT NULL,
  `fecha_licitacion` date NOT NULL,
  `momento_licitacion` int(11) NOT NULL,
  `fecha_licitacion_final` date NOT NULL,
  `observaciones` varchar(250) NOT NULL,
  PRIMARY KEY (`cod_licitacion`)
) ENGINE=MyISAM AUTO_INCREMENT=4 DEFAULT CHARSET=latin1;
/*!40101 SET character_set_client = @saved_cs_client */;

--
-- Dumping data for table `licitaciones`
--

LOCK TABLES `licitaciones` WRITE;
/*!40000 ALTER TABLE `licitaciones` DISABLE KEYS */;
INSERT INTO `licitaciones` (`cod_licitacion`, `cod_proyecto`, `fecha_licitacion`, `momento_licitacion`, `fecha_licitacion_final`, `observaciones`) VALUES (1,201706,'2017-01-01',1,'0000-00-00','kjkjkjkjkjkj'),(2,201606,'0000-00-00',16,'0000-00-00',''),(3,201701,'2017-02-15',1,'2017-02-28','ninguna');
/*!40000 ALTER TABLE `licitaciones` ENABLE KEYS */;
UNLOCK TABLES;

--
-- Table structure for table `liquidaciones`
--

DROP TABLE IF EXISTS `liquidaciones`;
/*!40101 SET @saved_cs_client     = @@character_set_client */;
/*!40101 SET character_set_client = utf8 */;
CREATE TABLE `liquidaciones` (
  `cod_liquidacion` int(11) NOT NULL AUTO_INCREMENT,
  `cod_proyecto` int(11) NOT NULL,
  `momento_liquidacion` int(11) NOT NULL,
  `fecha_liquidacion` date NOT NULL,
  `fecha_liquidacion_final` date NOT NULL,
  `observaciones` varchar(250) NOT NULL,
  PRIMARY KEY (`cod_liquidacion`)
) ENGINE=MyISAM AUTO_INCREMENT=2 DEFAULT CHARSET=latin1;
/*!40101 SET character_set_client = @saved_cs_client */;

--
-- Dumping data for table `liquidaciones`
--

LOCK TABLES `liquidaciones` WRITE;
/*!40000 ALTER TABLE `liquidaciones` DISABLE KEYS */;
INSERT INTO `liquidaciones` (`cod_liquidacion`, `cod_proyecto`, `momento_liquidacion`, `fecha_liquidacion`, `fecha_liquidacion_final`, `observaciones`) VALUES (1,201701,0,'2017-02-15','2017-02-14','ninguna');
/*!40000 ALTER TABLE `liquidaciones` ENABLE KEYS */;
UNLOCK TABLES;

--
-- Table structure for table `momentos`
--

DROP TABLE IF EXISTS `momentos`;
/*!40101 SET @saved_cs_client     = @@character_set_client */;
/*!40101 SET character_set_client = utf8 */;
CREATE TABLE `momentos` (
  `cod_momento` int(11) NOT NULL AUTO_INCREMENT,
  `momento` varchar(250) NOT NULL,
  PRIMARY KEY (`cod_momento`)
) ENGINE=MyISAM AUTO_INCREMENT=27 DEFAULT CHARSET=latin1;
/*!40101 SET character_set_client = @saved_cs_client */;

--
-- Dumping data for table `momentos`
--

LOCK TABLES `momentos` WRITE;
/*!40000 ALTER TABLE `momentos` DISABLE KEYS */;
INSERT INTO `momentos` (`cod_momento`, `momento`) VALUES (1,'Ingreso de proyecto al AIM'),(2,'Asignacion de GPP'),(3,'Revision Tecnica'),(4,'BPIN'),(5,'Mesa Tecnica'),(6,'Positivo'),(7,'OCAD'),(8,'Cumplimiento de requisitos'),(9,'Radicado Planeacion'),(10,'Solicitud Banco Programas y Proyectos'),(11,'Banco Programas y Proyectos'),(12,'Entrega BPP a Subgerencia'),(13,'Plan de Adquisicion'),(14,'Solicitud CDP Contabilidad a Gobernacion'),(15,'Entrega CDP Gobernacion a Contabilidad'),(16,'Entrega Rublo Presupuestal'),(17,'Solicitud CDP a Contabilidad'),(18,'Entrega CDP Contabilidad a Subgerencia Tecnica'),(19,'Entrega CDP Subgerencia Tecnica a GPP'),(20,'Entrega Carpeta a Juridica por GPP'),(21,'Cambio de Supervisor'),(22,'Concepto Tecnico'),(23,'Suspension de la estructuracion'),(24,'Suspension de la revision'),(25,''),(26,'Iniciativa del AIM');
/*!40000 ALTER TABLE `momentos` ENABLE KEYS */;
UNLOCK TABLES;

--
-- Table structure for table `momentosejecuciones`
--

DROP TABLE IF EXISTS `momentosejecuciones`;
/*!40101 SET @saved_cs_client     = @@character_set_client */;
/*!40101 SET character_set_client = utf8 */;
CREATE TABLE `momentosejecuciones` (
  `cod_momentoejecucion` int(11) NOT NULL AUTO_INCREMENT,
  `momentoejecucion` varchar(250) NOT NULL,
  PRIMARY KEY (`cod_momentoejecucion`)
) ENGINE=MyISAM AUTO_INCREMENT=20 DEFAULT CHARSET=latin1;
/*!40101 SET character_set_client = @saved_cs_client */;

--
-- Dumping data for table `momentosejecuciones`
--

LOCK TABLES `momentosejecuciones` WRITE;
/*!40000 ALTER TABLE `momentosejecuciones` DISABLE KEYS */;
INSERT INTO `momentosejecuciones` (`cod_momentoejecucion`, `momentoejecucion`) VALUES (1,'Aclaratoria'),(2,'Aclaratoria y Modificatoria'),(3,'Acta de Inicio'),(4,'Acta de liquidacion'),(5,'Asignacion de supervisor'),(6,'Comite de obra'),(7,'Correspondencia'),(8,'Informes mensuales'),(9,'Informes semanales'),(10,'Modificatoria'),(11,'Plan de mejora'),(12,'Prorroga'),(13,'Reinicio'),(14,'Respuesta plan de mejora'),(15,'Suspension'),(16,'visita de obra'),(17,'Actualización de Polizas'),(18,'Cronograma de Obra'),(19,'Reprogramacion Cronograma de Obra');
/*!40000 ALTER TABLE `momentosejecuciones` ENABLE KEYS */;
UNLOCK TABLES;

--
-- Table structure for table `momentoslicitaciones`
--

DROP TABLE IF EXISTS `momentoslicitaciones`;
/*!40101 SET @saved_cs_client     = @@character_set_client */;
/*!40101 SET character_set_client = utf8 */;
CREATE TABLE `momentoslicitaciones` (
  `cod_momentolicitacion` int(11) NOT NULL AUTO_INCREMENT,
  `momentolicitacion` varchar(250) NOT NULL,
  PRIMARY KEY (`cod_momentolicitacion`)
) ENGINE=MyISAM AUTO_INCREMENT=18 DEFAULT CHARSET=latin1;
/*!40101 SET character_set_client = @saved_cs_client */;

--
-- Dumping data for table `momentoslicitaciones`
--

LOCK TABLES `momentoslicitaciones` WRITE;
/*!40000 ALTER TABLE `momentoslicitaciones` DISABLE KEYS */;
INSERT INTO `momentoslicitaciones` (`cod_momentolicitacion`, `momentolicitacion`) VALUES (1,'Acta de comite'),(2,'Adiciones'),(3,'Contrato de interventoria'),(4,'contrato de obra'),(5,'Contrato Interadministrativo'),(6,'Custodia'),(7,'Estudios previos'),(8,'Firma contrato interadministrativo'),(9,'Licitacion'),(10,'Plan anual de adquisiciones'),(11,'Propuesta'),(12,'Prorrogas'),(13,'Resolucion de justificacion'),(14,'Secop'),(15,'Adjudicación'),(16,'Contrato de Consultoria'),(17,'Polizas');
/*!40000 ALTER TABLE `momentoslicitaciones` ENABLE KEYS */;
UNLOCK TABLES;

--
-- Table structure for table `momentosliquidaciones`
--

DROP TABLE IF EXISTS `momentosliquidaciones`;
/*!40101 SET @saved_cs_client     = @@character_set_client */;
/*!40101 SET character_set_client = utf8 */;
CREATE TABLE `momentosliquidaciones` (
  `cod_momentoliquidacion` int(11) NOT NULL AUTO_INCREMENT,
  `momentoliquidacion` varchar(250) NOT NULL,
  PRIMARY KEY (`cod_momentoliquidacion`)
) ENGINE=MyISAM DEFAULT CHARSET=latin1;
/*!40101 SET character_set_client = @saved_cs_client */;

--
-- Dumping data for table `momentosliquidaciones`
--

LOCK TABLES `momentosliquidaciones` WRITE;
/*!40000 ALTER TABLE `momentosliquidaciones` DISABLE KEYS */;
/*!40000 ALTER TABLE `momentosliquidaciones` ENABLE KEYS */;
UNLOCK TABLES;

--
-- Table structure for table `momentostablasfinancieras`
--

DROP TABLE IF EXISTS `momentostablasfinancieras`;
/*!40101 SET @saved_cs_client     = @@character_set_client */;
/*!40101 SET character_set_client = utf8 */;
CREATE TABLE `momentostablasfinancieras` (
  `cod_momentotablafinanciera` int(11) NOT NULL AUTO_INCREMENT,
  `momentotablafinanciera` varchar(250) NOT NULL,
  PRIMARY KEY (`cod_momentotablafinanciera`)
) ENGINE=MyISAM AUTO_INCREMENT=24 DEFAULT CHARSET=latin1;
/*!40101 SET character_set_client = @saved_cs_client */;

--
-- Dumping data for table `momentostablasfinancieras`
--

LOCK TABLES `momentostablasfinancieras` WRITE;
/*!40000 ALTER TABLE `momentostablasfinancieras` DISABLE KEYS */;
INSERT INTO `momentostablasfinancieras` (`cod_momentotablafinanciera`, `momentotablafinanciera`) VALUES (1,'Acta Parcial Contratista'),(2,'Acta Parcial Interventoria'),(3,'Adicion Contratista'),(4,'Adicion Interventoria'),(5,'Anticipo Contratista'),(6,'Anticipo Interventoria'),(7,'Apoyo a la Supervision'),(8,'Certificado Parcial'),(9,'Costo Asociado'),(10,'Gestion Ambiental'),(11,'Gestion Predial'),(12,'Indemnizaciones Prediales'),(13,'Inspeccion Retilap'),(14,'Inspecciones y Certificaciones emsa y retie'),(15,'Interventoria'),(16,'Inversion Ambiental'),(17,'Inversion Predial'),(18,'Obra'),(19,'Pago Contrato'),(20,'Plan de Manejo de Trafico'),(21,'Primer Pago'),(22,'Transferencia de Dominio'),(23,'Valor inicial');
/*!40000 ALTER TABLE `momentostablasfinancieras` ENABLE KEYS */;
UNLOCK TABLES;

--
-- Table structure for table `municipios`
--

DROP TABLE IF EXISTS `municipios`;
/*!40101 SET @saved_cs_client     = @@character_set_client */;
/*!40101 SET character_set_client = utf8 */;
CREATE TABLE `municipios` (
  `cod_municipio` int(11) NOT NULL AUTO_INCREMENT,
  `municipio` varchar(50) NOT NULL,
  PRIMARY KEY (`cod_municipio`)
) ENGINE=MyISAM AUTO_INCREMENT=33 DEFAULT CHARSET=latin1;
/*!40101 SET character_set_client = @saved_cs_client */;

--
-- Dumping data for table `municipios`
--

LOCK TABLES `municipios` WRITE;
/*!40000 ALTER TABLE `municipios` DISABLE KEYS */;
INSERT INTO `municipios` (`cod_municipio`, `municipio`) VALUES (1,'Sin Municipio'),(2,'Acacías'),(3,'Barranca de Upía'),(4,'Cabuyaro'),(5,'Castilla La Nueva'),(6,'Cubarral'),(7,'Cumaral'),(8,'El Calvario'),(9,'El Castillo'),(10,'El Dorado'),(11,'Fuente de Oro'),(12,'Granada'),(13,'Guamal'),(14,'La Macarena'),(15,'La Uribe'),(16,'Lejanías'),(17,'Mapiripán'),(18,'Mesetas'),(19,'Puerto Concordia'),(20,'Puerto Gaitán'),(21,'Puerto Lleras'),(22,'Puerto López'),(23,'Puerto Rico'),(24,'Restrepo'),(25,'San Carlos de Guaroa'),(26,'San Juan de Arama'),(27,'San Juanito'),(28,'San Martín'),(29,'Villavicencio'),(30,'Vista Hermosa'),(31,'Bogotá'),(32,'Meta');
/*!40000 ALTER TABLE `municipios` ENABLE KEYS */;
UNLOCK TABLES;

--
-- Table structure for table `municipios2`
--

DROP TABLE IF EXISTS `municipios2`;
/*!40101 SET @saved_cs_client     = @@character_set_client */;
/*!40101 SET character_set_client = utf8 */;
CREATE TABLE `municipios2` (
  `cod_municipio2` int(11) NOT NULL AUTO_INCREMENT,
  `municipio2` varchar(50) NOT NULL,
  PRIMARY KEY (`cod_municipio2`)
) ENGINE=MyISAM AUTO_INCREMENT=33 DEFAULT CHARSET=latin1;
/*!40101 SET character_set_client = @saved_cs_client */;

--
-- Dumping data for table `municipios2`
--

LOCK TABLES `municipios2` WRITE;
/*!40000 ALTER TABLE `municipios2` DISABLE KEYS */;
INSERT INTO `municipios2` (`cod_municipio2`, `municipio2`) VALUES (1,'Sin Municipio'),(2,'Acacías'),(3,'Barranca de Upía'),(4,'Cabuyaro'),(5,'Castilla La Nueva'),(6,'Cubarral'),(7,'Cumaral'),(8,'El Calvario'),(9,'El Castillo'),(10,'El Dorado'),(11,'Fuente de Oro'),(12,'Granada'),(13,'Guamal'),(14,'La Macarena'),(15,'La Uribe'),(16,'Lejanías'),(17,'Mapiripán'),(18,'Mesetas'),(19,'Puerto Concordia'),(20,'Puerto Gaitán'),(21,'Puerto Lleras'),(22,'Puerto López'),(23,'Puerto Rico'),(24,'Restrepo'),(25,'San Carlos de Guaroa'),(26,'San Juan de Arama'),(27,'San Juanito'),(28,'San Martín'),(29,'Villavicencio'),(30,'Vista Hermosa'),(31,'Bogotá'),(32,'Meta');
/*!40000 ALTER TABLE `municipios2` ENABLE KEYS */;
UNLOCK TABLES;

--
-- Table structure for table `personal`
--

DROP TABLE IF EXISTS `personal`;
/*!40101 SET @saved_cs_client     = @@character_set_client */;
/*!40101 SET character_set_client = utf8 */;
CREATE TABLE `personal` (
  `Cedula` double NOT NULL,
  `Nombres` varchar(50) NOT NULL,
  `Apellidos` varchar(50) NOT NULL,
  `Dependencia` int(11) NOT NULL,
  `Observaciones` varchar(250) NOT NULL,
  `Celular` double NOT NULL,
  `Cargo` int(11) NOT NULL,
  `Profesion` int(11) NOT NULL,
  `Especializacion` varchar(30) NOT NULL,
  `Email` varchar(50) NOT NULL,
  PRIMARY KEY (`Cedula`)
) ENGINE=InnoDB DEFAULT CHARSET=latin1;
/*!40101 SET character_set_client = @saved_cs_client */;

--
-- Dumping data for table `personal`
--

LOCK TABLES `personal` WRITE;
/*!40000 ALTER TABLE `personal` DISABLE KEYS */;
INSERT INTO `personal` (`Cedula`, `Nombres`, `Apellidos`, `Dependencia`, `Observaciones`, `Celular`, `Cargo`, `Profesion`, `Especializacion`, `Email`) VALUES (3277194,'Breinner Stevensson','Vargas Martinez',4,'',3103365915,4,2,'N/A','breinner.vargas@idm-meta.gov.co'),(7818850,'Luis Alfonso','Paez',24,'',3112030845,13,6,'N/A','luchopaez-mano-@hotmail.com'),(17221580,'Claudio Jose','Duran',34,'2017384 - mejoramiento de vias vereda alto las delicias municipio de vista hermosa',3102820014,18,6,'N/A','duranrojasclaudio3@gmail.com'),(17336065,'John Fitgeral ','Pinzon',4,'',3114754799,4,2,'N/A','fitrgeraldpinzon@hotmail.com'),(21203569,'Zulma ','Encizo',23,'electrificación de la vereda el kiosko, 66 usuarios que serian fincas para unos 300 hab aprox, puente sobre el río man acacias para comunicar san martín con puerto gaitan',3162773671,17,6,'N/A','presidentejackioscos@gmail.com'),(33376523,'Diana Ibeth','Restrepo Holguin',4,'',3103295260,4,4,'N/A','diana.restrepo@idm-meta.gov.co'),(40048953,'Adriana','Wilches',4,'',3162867856,4,7,'N/A','wilchesadriana@gmail.com'),(40186544,'Diana Marcela','Gutierrez Cabrera',4,'',3203060781,4,1,'N/A','dianamarcelagutierrez5@gmail.com'),(40188939,'Melby Dayan','Acevedo Duran',4,'',3133722127,9,1,'N/A','melbydayan@gmail.com'),(40329720,'Maria Victoria','Ruiz',4,'',3212968611,4,2,'N/A','mariavictoria.ruizprieto@gmail.com'),(40395859,'Gisell','Huerfano',6,'amiga de gerardo mancera que vino con la de puerto gaitan pesidenta de JAC',3102624944,1,6,'','gissellecarolina@hotmail.com'),(40433146,'Monica','Puerto León',4,'',3214790802,4,3,'N/A','mpl2002@idm-meta.gov.co'),(40446972,'Clara Rosa ','Velez Cardona',34,'2017286-llevar a cabo la ejecución de obras de arte en la infraestructura vial prioritarias para la comunidad',0,13,6,'N/A','concejo@vistahermosa-meta.gov.co'),(42099556,'Alejandra Maria','Duque Mejia',4,'',3124578862,9,3,'N/A','ing.electrica@idm-meta.gov.co'),(52490885,'Diana','León',33,'',3115067788,4,1,'N/A','dianamla2022@hotmail.com'),(52763194,'Nidia Edith','Vargas Linares',6,'polideportivo villa manuela gestionado por lucy tamayo y carlos plata',3123288410,17,6,'','nidiavargas35@gmail.com'),(53124411,'Cheryl','Martinez',4,'',3107761670,4,2,'N/A','cherylmo28@gmail.com'),(79145009,'Jose Heli','León Peñuela',33,'trabaja como celador en el caldas presento 3 proyectos a juan jose, mejoramiento de colegios en Dinamarca, san martín y vista hermosa',3202395152,19,6,'N/A','yeimyleon2@hotmail.com'),(79573346,'Riquelme','Saza Cubides',34,'2017286-llevar a cabo la ejecución de obras de arte en la infraestructura vial prioritarias para la comunidad',3134415989,16,6,'N/A','risacu1971@hotmail.com / risacu1971@gmail.com '),(79615909,'Richard','Mancera Mancera',4,'',3208554265,5,1,'N/A','proyectos@idm-meta.gov.co'),(79691749,'Boris Raul','Londoño Cuenca',4,'',3186951419,9,1,'N/A','blondon@idm-meta.gov.co'),(79790970,'Alexis Adrian','Ramirez',4,'',3125192397,4,2,'Gerencia de Proyectos','alexis16r@gmail.com'),(79836969,'Wilmer Freddy','León Castañeda',31,'solicitud 2016697',3107861215,1,1,'','wfredyleon@hotmail.com'),(80219289,'William Fernando','Rincon Cely',4,'',3112941512,12,4,'N/A','subgeproyectos@idm-meta.gov.co'),(80882602,'Asley Fernando ','Espejo Diaz',4,'',3014661058,4,4,'Recursos Hidricos','asley@idm-meta.gov.co'),(83041833,'Humberto ','Muñoz Fernandez',34,'2017286-llevar a cabo la ejecución de obras de arte en la infraestructura vial prioritarias para la comunidad',0,13,6,'N/A','concejo@vistahermosa-meta.gov.co'),(86041425,'Orlando ','Barbosa Turriago',4,'',3117318014,14,5,'Gerencia de Proyectos','orlandobart@gmail.com'),(86042973,'Oscar Eduardo','Vizcaino Diaz',4,'',3102033191,9,2,'N/A','oscar2013.idm@gmail.com'),(86045262,'Rene','Rincón Sastoque',4,'',3005586914,15,5,'Gestión Ambiental Sostenible','ingerenerincon@gmail.com'),(86058792,'Juan Jose','Casas Franco Medellin',4,'',3202720191,7,2,'N/A','gerencia@idm-meta.gov.co'),(86061344,'Leonardo','Santa maria',4,'',3142940355,7,2,'N/A','abogadoleonardosantamaria@hotmail.com'),(86068465,'Mauricio','Forero',4,'',3114823110,4,2,'N/A','mauricio.forero@idm-meta.gov.co'),(86070629,'Wilder','Guevara Belran',4,'',3104769701,4,2,'N/A','wilorguebe@gmail.com'),(86071428,'Jose Fabian','Carrillo Pulido',4,'',3108073076,4,2,'N/A','jfabicar2012@hotmail.com'),(86079518,'Julian Alberto','Osorio Copete',4,'',3045454434,4,1,'N/A','julian.osorio@idm-meta.gov.co'),(86083938,'Diego Andres','Vargas Torres',34,'2017384 - mejoramiento de vias vereda alto las delicias municipio de vista hermosa',3102720125,17,6,'N/A','isa251994@hottmail.com'),(1033709469,'Yuri Katerine','Duarte Pedraza',4,'apoyo a la interventoría contrato puente puerto lleras',3118823052,16,2,'','consorciometapuenteariari@gmail.com'),(1049613824,'Juan David','Valderrama',4,'',3177505542,4,4,'N/A','tvingjuan@gmail.com'),(1121842854,'Edwar Camilo','Camacho Gordillo',34,'2017286-llevar a cabo la ejecución de obras de arte en la infraestructura vial prioritarias para la comunidad',0,13,6,'N/A','concejo@vistahermosa-meta.gov.co'),(1121850688,'Camilo Ernesto','Balcazar Castillo',4,'',3143957617,4,1,'N/A','camilobalcazarc@hotmail.com'),(1121856246,'Angela ','Castro Espinosa',4,'',3175131862,4,2,'N/A','angelacastroespinosa@gmail.com'),(1121870808,'Sandra Milena','Castaño Cifuentes',4,'',3133759180,4,2,'GERENCIA DE PROYECTOS','milena.castano@idm-meta.gov.co'),(1121879569,'Daniel','Garcia',4,'',3134866146,4,1,'N/A','arqdanielgarcia10@gmail.com');
/*!40000 ALTER TABLE `personal` ENABLE KEYS */;
UNLOCK TABLES;

--
-- Table structure for table `plandedesarrollo`
--

DROP TABLE IF EXISTS `plandedesarrollo`;
/*!40101 SET @saved_cs_client     = @@character_set_client */;
/*!40101 SET character_set_client = utf8 */;
CREATE TABLE `plandedesarrollo` (
  `cod_plan` int(11) NOT NULL,
  `plan` varchar(250) NOT NULL,
  PRIMARY KEY (`cod_plan`)
) ENGINE=MyISAM DEFAULT CHARSET=latin1;
/*!40101 SET character_set_client = @saved_cs_client */;

--
-- Dumping data for table `plandedesarrollo`
--

LOCK TABLES `plandedesarrollo` WRITE;
/*!40000 ALTER TABLE `plandedesarrollo` DISABLE KEYS */;
INSERT INTO `plandedesarrollo` (`cod_plan`, `plan`) VALUES (1,'1. Juntos Construyendo Sueños y Realidades 2012-2015'),(2,'2. Tierra de Oportunidades. Inclusión - Reconciliación - Equidad 2016 - 2019.');
/*!40000 ALTER TABLE `plandedesarrollo` ENABLE KEYS */;
UNLOCK TABLES;

--
-- Table structure for table `plandedesarrolloeje`
--

DROP TABLE IF EXISTS `plandedesarrolloeje`;
/*!40101 SET @saved_cs_client     = @@character_set_client */;
/*!40101 SET character_set_client = utf8 */;
CREATE TABLE `plandedesarrolloeje` (
  `cod_eje` int(11) NOT NULL AUTO_INCREMENT,
  `eje` varchar(250) NOT NULL,
  `cod_plan` int(11) NOT NULL,
  PRIMARY KEY (`cod_eje`)
) ENGINE=MyISAM AUTO_INCREMENT=14 DEFAULT CHARSET=latin1;
/*!40101 SET character_set_client = @saved_cs_client */;

--
-- Dumping data for table `plandedesarrolloeje`
--

LOCK TABLES `plandedesarrolloeje` WRITE;
/*!40000 ALTER TABLE `plandedesarrolloeje` DISABLE KEYS */;
INSERT INTO `plandedesarrolloeje` (`cod_eje`, `eje`, `cod_plan`) VALUES (6,'Eje 4. Paz y Reconciliación',2),(7,'Eje 2. Infraestructura Para Las Oportunidades',2),(9,'Eje 3. Sustentabilidad Económica y del Territorio',2),(12,'Eje 1. Desarrollo Humano Incluyente y Equitativo',2),(13,'Eje 5. Fortalecimiento Institucional',2);
/*!40000 ALTER TABLE `plandedesarrolloeje` ENABLE KEYS */;
UNLOCK TABLES;

--
-- Table structure for table `plandedesarrolloestrategia`
--

DROP TABLE IF EXISTS `plandedesarrolloestrategia`;
/*!40101 SET @saved_cs_client     = @@character_set_client */;
/*!40101 SET character_set_client = utf8 */;
CREATE TABLE `plandedesarrolloestrategia` (
  `cod_estrategia` int(11) NOT NULL AUTO_INCREMENT,
  `estrategia` varchar(250) NOT NULL,
  `cod_eje` int(11) NOT NULL,
  `cod_plan` int(11) NOT NULL,
  PRIMARY KEY (`cod_estrategia`)
) ENGINE=MyISAM AUTO_INCREMENT=46 DEFAULT CHARSET=latin1;
/*!40101 SET character_set_client = @saved_cs_client */;

--
-- Dumping data for table `plandedesarrolloestrategia`
--

LOCK TABLES `plandedesarrolloestrategia` WRITE;
/*!40000 ALTER TABLE `plandedesarrolloestrategia` DISABLE KEYS */;
INSERT INTO `plandedesarrolloestrategia` (`cod_estrategia`, `estrategia`, `cod_eje`, `cod_plan`) VALUES (34,'Protección y Conservación de los Recursos Hídricos del Departamento',9,2),(33,'Conservación de Los Ecosistemas Estratégicos del Meta',9,2),(32,'Minero Energética',9,2),(30,'Turismo',9,2),(31,'Tic, Ciencia, Investigación e Innovación',9,2),(29,'Agropecuaria',9,2),(28,'Politica 2. Servicios Públicos Básicos',7,2),(27,'Desarrollo en Transporte, Energía y Equipamiento para la Integración Social y Económica',7,2),(13,'Educación',12,2),(14,'Salud',12,2),(15,'Equidad de Genero',12,2),(16,'Primera Infancia y Adolescencia',12,2),(17,'Jovenes Del Meta',12,2),(18,'Adultos Mayores Del Departamento',12,2),(19,'Pueblos Indigenas Del Meta',12,2),(20,'Población Afrometense',12,2),(21,'Discapacidad',12,2),(22,'Oportunidad de Vivienda Urbana y Rural, para la Inclusión, Reconciliación y Equidad',12,2),(23,'Lucha Contra la Pobreza',12,2),(24,'Seguridad Alimentaria',12,2),(25,'Deporte y Recreación',12,2),(26,'Cultura',12,2),(35,'Mitigación y Adaptación al Cambio Climático',9,2),(36,'Victimas, Sujetos de Especial Atención en el Posconflicto',6,2),(37,'Garantías de Goce y Protección de Derechos Humanos y Derecho Internacional Humanitario: Imperativo Categórico para la Paz',6,2),(38,'Seguridad, Convivencia, Participación Ciudadana y Gestión del Riesgo',6,2),(39,'Modernización y Fortalecimiento de la Administración Pública',13,2),(40,'Cooperación: Oportunidades para el Desarrollo',13,2),(41,'Buen Gobierno',13,2),(42,'Ordenamiento Territorial y Fortalecimiento Regional',13,2),(43,'Competitividad para el Desarrollo y la Paz',13,2),(44,'Sostenibilidad Financiera para Desarrollo Territorial',13,2),(45,'Jurídica del Departamento del Meta',13,2);
/*!40000 ALTER TABLE `plandedesarrolloestrategia` ENABLE KEYS */;
UNLOCK TABLES;

--
-- Table structure for table `plandedesarrollometa`
--

DROP TABLE IF EXISTS `plandedesarrollometa`;
/*!40101 SET @saved_cs_client     = @@character_set_client */;
/*!40101 SET character_set_client = utf8 */;
CREATE TABLE `plandedesarrollometa` (
  `cod_meta` int(11) NOT NULL AUTO_INCREMENT,
  `meta` varchar(250) NOT NULL,
  `cod_subprograma` int(11) NOT NULL,
  `cod_programa` int(11) NOT NULL,
  `cod_estrategia` int(11) NOT NULL,
  `cod_eje` int(11) NOT NULL,
  `cod_plan` int(11) NOT NULL,
  PRIMARY KEY (`cod_meta`)
) ENGINE=MyISAM AUTO_INCREMENT=251 DEFAULT CHARSET=latin1;
/*!40101 SET character_set_client = @saved_cs_client */;

--
-- Dumping data for table `plandedesarrollometa`
--

LOCK TABLES `plandedesarrollometa` WRITE;
/*!40000 ALTER TABLE `plandedesarrollometa` DISABLE KEYS */;
INSERT INTO `plandedesarrollometa` (`cod_meta`, `meta`, `cod_subprograma`, `cod_programa`, `cod_estrategia`, `cod_eje`, `cod_plan`) VALUES (1,'Meta 1. Gestionar la ampliación de planta a 216 docentes para educación preescolar',1,6,13,12,2),(2,'Meta 1. Contruir 7 puentes en el departamento del Meta.',4,1,27,7,2),(3,'Meta 2. Mejorar la infraestructura de 5 puentes en el departamento del Meta.',4,1,27,7,2),(4,'Meta 3. Construir 2 dobles calzadas para la modernización y ampliación de las vías de acceso a Villavicencio que permitan mejorar la movilidad.',4,1,27,7,2),(5,'Meta 4.Realizar el mejoramiento y/o Mantenimiento de 246 km de la red vial urbana, secundaria y terciaria en el Departamento del Meta',4,1,27,7,2),(6,'Meta 5. Realizar  la construcción, mejoramiento y/o mantenimiento de (1) Muelle.',4,1,27,7,2),(7,'Meta 1. Formular e implementar cuatro (4) programas de señalizaciones viales en las vías secundarias o áreas urbanas municipales en el departamento.',5,2,27,7,2),(8,'Meta 2. Desarrollar planes y campañas de seguridad vial en 16 municipios del Departamento del Meta.',5,2,27,7,2),(9,'Meta 3. Gestionar unidades de policia de tránsito y seguridad vial en seis (6) municipios del Departamento del Meta',5,2,27,7,2),(10,'Meta 4. Elaborar la politica pública de Seguridad Vial del Departamento.',5,2,27,7,2),(11,'Meta 5. Implementar acciones orientadas a la promoción de la movilidad sostenible  en 12 municipios.',5,2,27,7,2),(12,'Meta 6. Adquirir 1 inmueble para la sede operativa del Instituto de Tránsito Departamental en el municipio de Guamal',5,2,27,7,2),(13,'Meta 1. Construir  300 km de  redes eléctricas de media y/o baja tensión en el área rural ',6,3,27,7,2),(14,'Meta 2. Construir 10 km de  redes eléctricas de media y/o baja tensión en el área  urbana',6,3,27,7,2),(15,'Meta 3. Instalar 200 sistemas de energía alternativa para llevar el servicio de energía eléctrica a viviendas del área rural del departamento',6,3,27,7,2),(16,'Meta 1. Construir, ampliar  y/o adecuar la infraestructura de equipamiento urbano en cabeceras municipales',7,4,27,7,2),(17,'Meta 1. Brindar servicio de acueducto a 5.300 nuevos usuarios  en el área urbana del Departamento.',8,5,28,7,2),(18,'Meta 2. Diseñar 1 acueducto regional para el sector urbano y/o rural en el Departamento.',8,5,28,7,2),(19,'Meta 3. Realizar la conexión intradomiciliaria de acueducto a 3.300 viviendas en el área urbana del Departamento.',8,5,28,7,2),(20,'Meta 4. Brindar servicio de acueducto a 2.000 nuevos usuarios en el área rural del Departamento.',8,5,28,7,2),(21,'Meta 5. Brindar servicio de acueducto a 2 resguardos indigenas del Departamento.',8,5,28,7,2),(22,'Meta 6. Optimizar o ampliar 3 Plantas de tratamiento de agua potable en el sector urbano del Departamento.',8,5,28,7,2),(23,'Meta 7. Brindar servicio de alcantarillado a 580 nuevos usuarios en el área urbana del Departamento.',8,5,28,7,2),(24,'Meta 8. Realizar la conexión intradomiciliaria de alcantarillado a 3.300 viviendas en el área urbana del Departamento.',8,5,28,7,2),(25,'Meta 9. Mejorar u optimizar el servicio eficiente de alcantarillado a 650 usuarios en el área urbana del Departamento.',8,5,28,7,2),(26,'Meta 10. Brindar servicio de alcantarillado a 400 nuevos usuarios en el área rural del Departamento.',8,5,28,7,2),(27,'Meta 11. Brindar servicio de alcantarillado a 2 resguardos indigenas del Departamento.',8,5,28,7,2),(28,'Meta 12.  Construir  11 plantas de tratamiento de aguas residuales para el área urbana en el Departamento.',8,5,28,7,2),(29,'Meta 13. Terminar la construcción del relleno sanitario La Guaratara y Construir 4 sistemas para la disposición final de residuos solidos en el cuatrienio',8,5,28,7,2),(30,'Meta 14. Fortalecer institucionalmente los seis componentes del Gestor del plan departamental de aguas del Meta PAP PDA',8,5,28,7,2),(31,'Meta 15. Implementar en el área urbana de dos municipios sistemas de dotación y distribución de gas domiciliario',8,5,28,7,2),(32,'Meta 16. Implementar en el área rural de dos municipios sistemas de dotación y distribución de gas domiciliario',8,5,28,7,2),(33,'Meta 1. Realizar un estudio técnico sobre la estructura organizacional de la Gobernación',92,50,39,13,2),(34,'Meta 2. Implementar un modelo de Teletrabajo en la administración departamental',92,50,39,13,2),(35,'Meta 1. Fortalecer el  sistema de gestión documental del departamento',93,50,39,13,2),(36,'Meta 2. Construir y dotar el Archivo central de la Gobernación',93,50,39,13,2),(37,'Meta 3. Realizar la depuración, identificación y actualización del inventario de bienes inmuebles del Departamento.',93,50,39,13,2),(38,'Meta 4. Supervisar el 100% de los proyectos en ejecución de las entidades descentralizadas  y del nivel central  ',93,50,39,13,2),(39,'Meta 5. Realizar 100% de estudios de prefactibilidad y factibilidad que se requieran para la estructuración de proyectos de  inversión',93,50,39,13,2),(40,'Meta 6. Implementar el Modelo Estándar de Control Interno MECI en la Agencia para la Infraestructura del Meta',93,50,39,13,2),(41,'Meta 1. Implementar el sistema de gestión de seguridad y salud en el trabajo',94,50,39,13,2),(42,'Meta 2. Implementar el Sistema de gestión Ambiental',94,50,39,13,2),(43,'Meta 3. Implementar el Sistema de Gestión de la Seguridad de la Información',94,50,39,13,2),(44,'Meta 4. Obtener la certificación integrada de gestión de la calidad, seguridad y salud  en el trabajo y medioambiental.',94,50,39,13,2),(45,'Meta 1. Mantener a 24 municipios en rango de interpretación satisfactorio y/o sobresaliente en la evaluación del desempeño integral (2016-2018)',95,50,39,13,2),(46,'Meta 2. Asistir técnicamente  a los 29 municipios en  gestión pública ',95,50,39,13,2),(47,'Meta 1. Realizar 100 auditorias y seguimientos al sistema de control interno',96,50,39,13,2),(48,'Meta 1. Realizar procesos de asistencia  técnica  a 30 entidades territoriales (1 departamento y 29 municipios) en teoría, formulación y evaluación de proyectos.',97,51,39,13,2),(49,'Meta 2. Implementar  al 100 % una (1) herramienta informática para los procesos de registro, viabilidad y seguimiento a los proyectos de inversión de la entidad, durante el cuatrienio',97,51,39,13,2),(50,'Meta 3. Realizar proceso de  gestión documental del archivo del Banco de Programas y Proyectos de Inversión Departamental durante el cuatrienio.',97,51,39,13,2),(51,'Meta 4. Realizar  el control de viabilidad al 100% de proyectos de infraestructura y servicios públicos en el marco del Banco de programas y proyectos de inversión departamental ',97,51,39,13,2),(52,'Meta 1. Realizar asistencia técnica dirigida a 30 entidades territoriales (1  departamento y 29 municipios) en instrumentos de monitoreo, control, seguimiento y evaluación a la inversión pública, anualmente',98,51,39,13,2),(53,'Meta 2. Realizar 5 Informes de evaluación y seguimiento realizados  a través de Plan Indicativo, SIEE, SIRECI, Informes de gestión y 1 audiencia de rendición de cuentas, anualmente',98,51,39,13,2),(54,'Meta 3. Producir información como insumo para la elaboración del plan de Desarrollo Económico y Social 2020-2023',98,51,39,13,2),(55,'Meta 1. Asistir desde la secretaría técnica al 100% entidades territoriales y ejecutoras del sistema general de regalías para la gestión de los proyectos presentados ante los OCAD en el cuatrienio',99,51,39,13,2),(56,'Meta 2. Realizar dos  sesiones rendiciones de cuentas anuales  del OCAD departamental y dos del OCAD región llano durante el cuatrienio',99,51,39,13,2),(57,'Meta 3. Incorporar en la estructura organizacional de planeación departamental la secretaría técnica del OCAD departamental',99,51,39,13,2),(58,'Meta 4. Subsanar  hasta el 60% de las alertas que surjan en el proceso de seguimiento, control y evaluación de la ejecución de proyectos aprobados con cargo al sistema general de regalías',99,51,39,13,2),(59,'Meta 1. Elaborar un (1) documento anual que contenga la consolidación y  análisis de  la  información de indicadores sociales 2015-2018 para el departamento del Meta y sistematizar la información en  la base de datos de la Oficina de Sistemas de Info',100,52,39,13,2),(60,'Meta 2. Elaborar un (1) documento anual que contenga la consolidación y  análisis de  la  información de indicadores Económicos 2015-2018 para el departamento del Meta  y sistematizar la información en el la base de datos de la Oficina de Sistemas de',100,52,39,13,2),(61,'Meta 3. Elaborar un (1) documento anual que contenga la consolidación y  análisis de  la  información cartográfica y ambiental 2015-2018 para el Departamento del Meta y sistematizar la información en la base de datos de la Oficina de Sistemas de Info',100,52,39,13,2),(62,'Meta 4. Adquirir un  software licenciado que permita digitalizar cartografía con licencias renovadas anualmente ',100,52,39,13,2),(63,'Meta 5. Adquirir servidor y plataforma tecnológica para acopio o recopilación de información  en base de datos estadísticos  ',100,52,39,13,2),(64,'Meta 1. Integrar los observatorios del departamento  y poner en marcha uno de carácter regional',101,52,39,13,2),(65,'Meta 1. Gestionar la primera fase de la operación de un canal de televisión en el Departamento del Meta',102,52,39,13,2),(66,'Meta 2. Optimizar la cobertura de la Emisora 106.3 a 10 municipios del Meta',102,52,39,13,2),(67,'Meta 3. Elaborar y poner en marcha el plan estratégico de medios del Departamento.',102,52,39,13,2),(68,'Meta 4. Crear un Centro de documentación fotográfica, audiovisual y escritos periodisticos on-line',102,52,39,13,2),(69,'Meta 5. Crear un canal de television',102,52,39,13,2),(70,'Meta 1. Realizar  12 acciones de  gestión y transferencia de conocimiento en el territorio.',103,53,40,13,2),(71,'Meta 2. Implementar el  Sistema Departamental de Cooperación Internacional del Meta ',103,53,40,13,2),(72,'Meta 1. Implementar el  centro de información, promoción y atención del exportador  ',104,53,40,13,2),(73,'Meta 2. Fortalecer en estándares internacionales para  la exportación  a 2 iniciativas cluster ',104,53,40,13,2),(74,'Meta 1. Fortalecer 30 Consejos Territoriales de Planeación, en temas de participación ciudadanay seguimiento a los planes de desarrollo.',105,54,41,13,2),(75,'Meta 1. Publicar una  revista y un portafolio que contenga las cifras de los indicadores sociales, económicos y geográficos del Departamento ',106,54,41,13,2),(76,'Meta 2. Realizar   foros de discusión, análisis y acceso a la información de estadísticas departamental ',106,54,41,13,2),(77,'Meta 3. Construir colectivamente el plan anticorrupción y de atención al ciudadano, y divulgarlos junto con la ley de transparencia. ',106,54,41,13,2),(78,'Meta 4. Diseñar y poner en operación un modelo de atención al ciudadano',106,54,41,13,2),(79,'Meta 5. Fortalecer el programa anticorrupción implementado en la Gobernación',106,54,41,13,2),(80,'Meta 1. Formular las directrices y el plan de ordenamiento territorial departamental',107,55,42,13,2),(81,'Meta 1. Construir e implementar la estrategia regional de seguridad alimentaria en coordinación con los departamentos que conforman la RAPE - Región Central.',108,56,42,13,2),(82,'Meta 2. Construir la plataforma de apoyo al emprendimiento innovador para la equidad, la riqueza y el empleo regional en coordinación con los departamentos que conforman la RAPE - Región Central',108,56,42,13,2),(83,'Meta 3. Formular el modelo interinstitucional de cambio climatico en coordinación con los departamentos que conforman la RAPE - Región Central',108,56,42,13,2),(84,'Meta 4. Formular propuesta de reforma legal y administrativa para la creación de un catastro regional autónomo',108,56,42,13,2),(85,'Meta 5. Formar líderes para la promoción de la integración regional bajo la coordinación de la RAPE - Región Central. ',108,56,42,13,2),(86,'Meta 1. Crear un modelo organizacional y de gestión institucional para la validación, concertación y priorización de la estrategia Subregional',109,56,42,13,2),(87,'Meta 2. Efectuar el proceso de revisión y ajuste de los planes de desarrollo Subregionales',109,56,42,13,2),(88,'Meta 3. Realizar dos encuentros para el fortalecimiento de la integración regional y subregional con participación de concejales, concejalas del Meta, diputados y diputados de la región. ',109,56,42,13,2),(89,'Meta 1. Realizar diagnóstico para la formulación del Plan Maestro de la Orinoquia.',110,56,42,13,2),(90,'Meta 2. Estructurar  proyectos estratégicos para la Orinoquia',110,56,42,13,2),(91,'Meta 3. Ejecutar proyectos pilotos',110,56,42,13,2),(92,'Meta 1. Posicionar al Meta en el escalafón 9° del Indice Departamental de Competitividad',111,57,43,13,2),(93,'Meta 2. Formular la Agenda Departamental de Competitividad ',111,57,43,13,2),(94,'Meta 3. Realizar 3 alianzas estrategicas  para el desarrollo competitivo del Meta',111,57,43,13,2),(95,'Meta 4. Articular las diferentes instancias de la competitividad Departamental (CRCI, CUEE, RRE, CRM)',111,57,43,13,2),(96,'Meta 5. Poner en marcha los 4 clúster  validados (turismo, agroindustrial, TICS y Mineroenergético)',111,57,43,13,2),(97,'Meta 6. Impulsar la consolidación de proyectos estratégicos para reconvertir la economía departamental',111,57,43,13,2),(98,'Meta 7. Participar en 2 convocatorias para cofinanciar proyectos de competitividad departamental',111,57,43,13,2),(99,'Meta 1. Realizar la evaluación al 100% de politicas públicas departamentales decretadas',112,57,43,13,2),(100,'Meta 2. Apoyar  técnicamente la formulacion de 4 nuevas políticas publicas departamentales',112,57,43,13,2),(101,'Meta 1. Realizar una alianza para el acompañamiento a la Alcaldía de Villavicencio en el trámite de proyectos de inversión',113,58,43,13,2),(102,'Meta 2. Suscribir un acuerdo de cofinanciación de estudios de preinversión e inversión de proyectos sociales, económicos, de movilidad y de infraestructura para las siguientes iniciativas: - Fortalecimiento del el Parque Las Malocas  como atractivo t',113,58,43,13,2),(103,'Meta 1. Implementar un programa de sistematizacion del proceso de gestión tributaria',114,59,44,13,2),(104,'Meta 2. Fortalecer la estructura administrativa de la Gerencia de Rentas para desarrollar eficientemente procedimiento tributario',114,59,44,13,2),(105,'Meta 3. Implementar cuatro campañas de sensibilizacion para el pago oportuno de los impuestos',114,59,44,13,2),(106,'Meta 4. Implementar  un programa de erradicación del contrabando y la adulteración de licores y cigarrillos',114,59,44,13,2),(107,'Meta 5. Implementar un programa para generar capacidad operativa para el eficiente control y fiscalización de los impuestos',114,59,44,13,2),(108,'Meta 6. Actualizar el estatuto tributario para la aplicación de sanciones a contraventores de las rentas departamentales.',114,59,44,13,2),(109,'Meta 7. Incrementar la capacidad técnica resolutiva de la oficina de cobro coactivo',114,59,44,13,2),(110,'Meta 8. Ejecutar  programa de cobro persuasivo de los impuestos y medidas de desahorro para la recuperación de recursos a traves de entidades nacionales y demás fuentes de recursos con garantia de fortalecimiento fiscal de los recursos departamentale',114,59,44,13,2),(111,'Meta 1. Convergencia e implementación de Normas Internacionales de estados financieros',115,59,44,13,2),(112,'Meta 2. Realizar control y seguimiento al 100% de los ingresos, gastos e inversiones proyectados en el presupuesto departamental.',115,59,44,13,2),(113,'Meta 1. Prevenir el daño antijurídico y fortalecer la defensa técnica judicial del Departamento ',116,60,45,13,2),(114,'Meta 2. Incrementar  en  4% el nivel de transparencia en la gestión contractual del Departamento ',116,60,45,13,2),(115,'Meta 1. Implementar en 29 municipios el Sistema de Información para el seguimiento de indicadores de superación de la vulnerabilidad de la población víctima del conflicto.',82,47,36,6,2),(116,'Meta 2. Beneficiar a 600 familias víctimas del conflicto armado a través del mecanismo de corresponsabilidad. ',82,47,36,6,2),(117,'Meta 3. Implementar un Plan de Acción Terrotorial - PAT- departamental y asistir técnicamente a 29 municipios en la implementación de Planes de Acción Territoriales - PAT- Municipales. ',82,47,36,6,2),(118,'Meta 4. Articular y coordinar las instancias del sistema nacional de atención y reparación integral a las víctimas en el territorio. ',82,47,36,6,2),(119,'Meta 1. Implementar las 5 medidas de la prevención, protección y garantia de no repetición en: prevención del reclutamiento, educación y prevención de accidentes por MAP y MUSE, planes de prevención, planes de contigencia y rutas de protección. ',83,47,36,6,2),(120,'Meta 2. Atender 80.000 víctimas del conflicto armado con asistencia y atención desde la unidad móvil, atención humanitaria inmediata,  puntos de atención, reestablecimiento socioeconómico y caracterización en goce efectivo de derechos, con enfoque ét',83,47,36,6,2),(121,'Meta 3. Concurrir con la implementación de 16 planes para la reparación integral de las víctimas. ',83,47,36,6,2),(122,'Meta 4. Garantizar el apoyo de la mesa departamental de víctimas como instancia para la participación efectiva en los espacios de política pública.',83,47,36,6,2),(123,'Meta 5. Concurrir a la producción de contenidos de los centros de memoria histórica departamental y de El Castillo.',83,47,36,6,2),(124,'Meta 1. Implementar 11 rutas de atención con enfoque diferencial para las víctimas del conflicto armado.',84,47,36,6,2),(125,'Meta 2. Concurrir a la formulación de los planes de intervención para el cumplimientos de los fallos de restitución de tierras. ',84,47,36,6,2),(126,'Meta 1. Ajustar, implementar y monitorear la  Política Pública de DDHH y DIH en el marco del posconflicto.',85,48,37,6,2),(127,'Meta 2. Fortalecer y asistir tecnicamente a los comités municipales de DDHH y DIH. ',85,48,37,6,2),(128,'Meta 3. Articular y coordinar las diferentes instancias de la política pública departamental de DDHH y DIH.',85,48,37,6,2),(129,'Meta 1. Diseñar  un (1) plan departamental para la construcción de paz ',86,48,37,6,2),(130,'Meta 2. Implementar en 29 municipios el plan departamental para la construcción de paz.',86,48,37,6,2),(131,'Meta 3. Realizar  14 acciones dirigidas a la recuperación de confianza de la población frente a la paz, la prevención y promoción de DDHH y DIH y lucha contra la discriminación.',86,48,37,6,2),(132,'Meta 4. Realizar 28 alianzas estratégicas con municipios para la garantía de derechos de la población en riesgo de violación de DDHH y DIH.',86,48,37,6,2),(133,'Meta 5. Realizar 3 alianzas estratégicas intersectoriales y/o interinstitucionales (cooperación internacional, entidades de nivel nacional, academia en general, medios de comunicación, organizaciones, plataformas sociales, de DDHH y organizaciones ba',86,48,37,6,2),(134,'Meta 6. Implementar el programa de \"Derechos a las veredas\" a través del fortalecimiento de la red de personeros.',86,48,37,6,2),(135,'Meta 7. Realizar asistencia a 80 líderes, lideresas, defensores y defensoras de DDHH y DIH a través de la mesa departamental de garantías',86,48,37,6,2),(136,'Meta 8. Implementar  la estrategia \"Réstale a la Guerra Súmale a la Paz\", para la  prevención y protección frente al riesgo de reclutamiento por el surgimiento de nuevas conflictitvidades (microtráfico y consumo de SPA, grupos al magen de la ley, tra',86,48,37,6,2),(137,'Meta 9. Beneficiar a 120 jóvenes a través del programa  \"Jóvenes a la paz\" para la inclusión de la Juventud en la construccion de paz. ',86,48,37,6,2),(138,'Meta 10. Implementar una estrategia móvil en 28 municipios con el fin de  garantizar la promoción y la garantía del goce efectivo de DDDHH y DIH.',86,48,37,6,2),(139,'Meta 11. Producir y consolidar información sobre DDHH y DIH a través del Observatorio.',86,48,37,6,2),(140,'Meta 1. Formular e implementar un plan departamental de reintegración ',87,48,37,6,2),(141,'Meta 1. Formular, implementar actualizar y hacer seguimiento al  Plan Integral de Seguridad y Convivencia Ciudadana del Departamento ',88,49,38,6,2),(142,'Meta 2. Apoyar el fortalecimiento de la capacidad operativa de las 4 entidades que componen la Fuerza Pública.',88,49,38,6,2),(143,'Meta 3. Apoyar el fortalecimiento de la capacidad operativa de 6 unidades básicas  de investigación criminal.',88,49,38,6,2),(144,'Meta 4. Apoyar el fortalecimiento de la capacidad operativa de la UNP y Migración Colombia.',88,49,38,6,2),(145,'Meta 5. Desarrollar (2) procesos de formación para los integrantes del Sistema Departamental y municipal de Justicia.  ',88,49,38,6,2),(146,'Meta 6. Fortalecer la capacidad operativa de la Fiscalía del Departamento.',88,49,38,6,2),(147,'Meta 7. Dotar y fortalecer al Centro de Responsabilidad Penal para Adolescentes',88,49,38,6,2),(148,'Meta 8. Apoyar la implementación de la  política pública de lucha contra la trata de personas en los 29 municipios',88,49,38,6,2),(149,'Meta 9. Dotar a 13 municipios con circuitos cerrados de tv (CCTV) para la seguridad en municipios',88,49,38,6,2),(150,'Meta 10. Impulsar la creación de los Centros de Integración Ciudadana en 5 municipios.',88,49,38,6,2),(151,'Meta 11. Brindar apoyo para la creación  e implementación de una Unidad de Prevención y de Justicia en Villavicencio.',82,47,36,6,2),(152,'Meta 12. Garantizar la realización de 48 sesiones del Consejo de Seguridad.',88,49,38,6,2),(153,'Meta 13. Garantizar la realización de 8 sesiones del Comité de Orden Público.',88,49,38,6,2),(154,'Meta 14. Apoyar logística y operativamente a la Registraduría Nacional del Estado Civil en la realización de procesos electorales durante el cuatrienio.',88,49,38,6,2),(155,'Meta 1. Desarrollar y poner en funcionamiento el Observatorio Departamental del Delito.',89,49,38,6,2),(156,'Meta 2. Fortalecer  la Central de Comunicaciones para la Seguridad Integral (Sistema Integrado de Emergencia y Seguridad). ',89,49,38,6,2),(157,'Meta 3. Crear una (1) sala de monitoreo estratégico. ',89,49,38,6,2),(158,'Meta 4. Realizar 7 campañas para promover la convivencia ciudadana, resocialización y justicia. ',89,49,38,6,2),(159,'Meta 5. Acompañar la intervención de 6 operaciones de desminado que tenga lugar en los municipios del Meta mediante estrategias de prevención en Educación en el Riesgo de Minas. ',89,49,38,6,2),(160,'Meta 6.Crear y operativizar la Mesa Técnica para controlar el riesgo y la amenaza de cultivos ilícitos en zonas rurales afectadas del departamento.',89,49,38,6,2),(161,'Meta 7. Concertar con el INPEC un plan de acción para mejorar el servicio de custodia y vigilancia que garantice el ejercicio de los derechos humanos de la población reclusa',89,49,38,6,2),(162,'Meta 8. Realizar 18 campañas para la prevención, seguridad, justicia y convivencia ciudadana. ',89,49,38,6,2),(163,'Meta 9. Realizar un (1) documento de caracterización del fenómeno del microtráfico y comercialización de sustancias psicoactivas ilegales en zonas urbanas con esta amenaza.',89,49,38,6,2),(164,'Meta 10. Realizar 3 estrategias con articulación interinstitucional  e intersectorial para desincentivar el consumo y la comercialización de sustancias psicoactivas',89,49,38,6,2),(165,'Meta 11. Apoyar la implementación de 1 programa de prevención de la incorporación y promoción de la desvinculación de jóvenes a grupos delincuenciales ',89,49,38,6,2),(166,'Meta 12. Implementar  hogar protector de DDHH y DIH y/o traslado  para personas con rutas de protección.',89,49,38,6,2),(167,'Meta 13. Realizar 4 alianzas estratégicas para la seguridad, justicia y convivencia ciudadana en el departamento',89,49,38,6,2),(168,'Meta 14. Actualizar el Plan Integral de Prevención de Violación a DDHH y DIH y sus protocolos de contingencia.',89,49,38,6,2),(169,'Meta 15. Apoyar la implementación del Plan de Esquema de Protección a Dignatarios.',89,49,38,6,2),(170,'Meta 16. Pagar el 100% de las recompensas solicitadas, verificadas y aprobadas por el Comité de orden publico.',89,49,38,6,2),(171,' Meta 1. Diseñar, implementar y socializar el Plan Departamental para la Gestión del Riesgo. ',90,49,38,6,2),(172,'Meta 2. Fortalecer  2 organismos de socorro del departamento (Cruz Roja y Defensa Civil).  ',90,49,38,6,2),(173,'Meta 3. Fortalecer el  Sistema Departamental de Bomberos a tráves del suministro de equipos para atención de emergencias. ',90,49,38,6,2),(174,'Meta 4. Fortalecer el 100% de los procesos y procedimientos de la Unidad Departamental para la Gestión del Riesgo de Desastres. ',90,49,38,6,2),(175,'Meta 5. Realizar acciones prevención, mitigación y atención de emergencias y desastres  a través del Banco de Maquinaria del Departamento del Meta. ',90,49,38,6,2),(176,'Meta 6. Construir obras de prevención, mitigación y atención de emergencias y desastres en el Departamento del Meta. ',90,49,38,6,2),(177,'Meta 7. Atender el 100% de personas afectadas en momentos de calamidad o desastres naturales, antrópicos y tecnológicos con ayudas humanitarias. ',90,49,38,6,2),(178,'Meta 8. Formar multiplicadores en conocimiento, reducción del riesgo y manejo de desastres y estrategias de respuesta  y cambio climático con base en la Ley 1523 de 2012. ',90,49,38,6,2),(179,'Meta 9. Apoyar la implementación del programa de alertas tempranas como preparación frente a la ocurrencia de eventos climáticos de forma articulada con los comités para la gestión del riesgo de desastres.',90,49,38,6,2),(180,'Meta 1. Fortalecer   1.468 Organizaciones Comunales y 1.778 Organizaciones Sociales del Departamento del Meta',91,49,38,6,2),(181,'Meta 2. Garantizar la celebración del día de la Acción Comunal en los 4 años.',91,49,38,6,2),(182,'Meta 1. Gestionar la ampliación de planta a 216 docentes para educación preescolar',1,6,13,12,2),(183,'Meta 2. Aumentar a 590 el número de estudiantes con rutas de transporte gratuito en el nivel preescolar que permitan el acceso y permanencia',1,6,13,12,2),(184,'Meta 3. Mantener en 4.548 el número cupos del nivel preescolar en el programa de alimentación escolar - PAE como estrategia de acceso y permanencia',1,6,13,12,2),(185,'Meta 4. Garantizar anualmente 184 cupos para estudiantes de educación preescolar a través de la contratación del servicio educativ',1,6,13,12,2),(186,'Meta 5. Gestionar la ampliación de planta a 1.904 docentes para educación básica primaria',1,6,13,12,2),(187,'Meta 6. Aumentar de 2.650 a 2.700 el número de estudiantes con rutas de transporte gratuito en el nivel básica primaria que permitan el acceso y permanencia',1,6,13,12,2),(188,'Meta 7. Garantizar anualmente la atención integral en el servicio de internado a 1.293 estudiantes de educación básica primaria',1,6,13,12,2),(189,'Meta 8. Mantener en 30.378 el número cupos del nivel básica prmaria en el programa de alimentación escolar - PAE como estrategia de acceso y permanenc',1,6,13,12,2),(190,'Meta 9. Garantizar anualmente 2.535 cupos para estudiantes de educación básica primaria a través de la contratación del servicio educativo ',1,6,13,12,2),(191,'Meta 10. Mantener  la ampliación de planta de 1.613 docentes para educación básica secundaria',1,6,13,12,2),(192,'Meta 11. Aumentar de 3.365 a 3.400 el número de estudiantes con rutas de transporte gratuito en el nivel básica secundaria que permitan el acceso y permanencia',1,6,13,12,2),(193,'Meta 12. Garantizar anualmente la atención integral en el servicio de internado a 3.358 estudiantes de educación básica secundaria',1,6,13,12,2),(194,'Meta 13. Mantener en 24.195 el número cupos del nivel básica secundaria en el programa de alimentación escolar - PAE como estrategia de acceso y permanencia',1,6,13,12,2),(195,'Meta 14. Garantizar anualmente 1.971 cupos para estudiantes de educación básica secundaria a través de la contratación del servicio educativo ',1,6,13,12,2),(196,'Meta 15. Mantener  la ampliación de planta de 1.613 docentes para educación media',1,6,13,12,2),(197,'Meta 16. Mantener en 6.887 el número cupos del nivel media en el programa de alimentación escolar - PAE  como estrategia de acceso y permanencia',1,6,13,12,2),(198,'Meta 17. Garantizar atención integral en el servicio de internado a 906 estudiantes de educación media',1,6,13,12,2),(199,'Meta 18. Aumentar de 1.573 a 1.600 el número de estudiantes con rutas de transporte gratuito en el nivel media que permitan el acceso y permanencia',1,6,13,12,2),(200,'Meta 19. Garantizar anualmente 500 cupos para estudiantes de educación media a través de la contratación del servicio educativo ',1,6,13,12,2),(201,'Meta 20. Incrementar de 1.635 a 2.000  la atención de estudiantes en condición de discapacidad, capacidades y talentos excepcionales, mediante la implementación de estrategias',1,6,13,12,2),(202,'Meta 21. Incrementar de 4.130 a 8.000 la asistencia integral a población víctima escolarizada ',1,6,13,12,2),(203,'Meta 22. Aumentar de 104 a 300 el acceso y permanencia en el sistema educativo de población afrocolombiana',1,6,13,12,2),(204,'Meta 23. Aumentar de 4.489 a 5.500 el acceso y permanencia en el sistema educativo de estudiantes indígenas',1,6,13,12,2),(205,'Meta 24. Aumentar de 8.111 a 9.111 el acceso y permanencia en el sistema educativo de población jóven y adulta ',1,6,13,12,2),(206,'Meta 25. Garantizar la prestación del servicio educativo a 99.793 estudiantes matriculados en los establecimientos educativos oficiales de los 28 municipios del Departamento',1,6,13,12,2),(207,'Meta 1. Elaborar un diagnóstico de infraestructura y dotación institucional en el 100% de los establecimientos educativos del Meta ',2,6,13,12,2),(208,'Meta 2. Construir, ampliar  y adecuar la infraestructura educativa para mejorar la oferta ',2,6,13,12,2),(209,'Meta 3. Construir 2 megacolegios como estrategia de acceso mejorando la oferta educativa',2,6,13,12,2),(210,'Meta 4. Construir 2 megainternados como esrategia de acceso mejorando la oferta educativa',2,6,13,12,2),(211,'Meta 5. Construir 10 nuevos comedores escolares para mejorar la calidad del PAE',2,6,13,12,2),(212,'Meta 6. Adquirir 3 aulas móviles para atender emergencias por desastres naturales y antrópicos que permitan la continuidad en la prestación del servicio educativo',2,6,13,12,2),(213,'Meta 7. Implementar proyectos de generación de energia alternativa en 80 sedes educativas no interconectadas a la red eléctríca',2,6,13,12,2),(214,'Meta 8. Mejorar la infraestructura educativa en 160 sedes ',2,6,13,12,2),(215,'Meta 9. Dotar 261 sedes educativas de mobiliario escolar, medios pedagógicos, equipos didácticos, herramientas para talleres, elementos deportivos y  ambientes especializados ',2,6,13,12,2),(216,'Meta 10. Dotar 25 restaurantes escolares como estrategia para mejorar el PAE',2,6,13,12,2),(217,'Meta 11. Dotar con  elementos a 66 sedes educativas  con servicio de internado',9,6,13,12,2),(218,'Meta 12. Construir y/o mejorar 1 infraestructura institucional educativa',2,6,13,12,2),(219,'Meta 13. Dotar 1 infraestura Institucional educativa',2,6,13,12,2),(220,'Meta 14. Legalizar 200 predios de sedes educativas del Departamento',2,6,13,12,2),(221,'Meta 1. Actualizar y ejecutar un (1) Plan Territorial de Formación  y capacitación  Docente. ',3,7,13,12,2),(222,'Meta 2. Capacitar y formar a 2.000 docentes de establecimientos educativos oficiales en innovación pedagógica e investigación , atención a la primera infancia, saber específico y didáctica de las áreas. ',3,7,13,12,2),(223,'Meta 3. Capacitar y formar  200 Directivos docentes en liderazgo pedagógico. ',3,7,13,12,2),(224,'Meta 4. Implementar un (1) plan de bienestar social y de incentivos para docentes, directivos docentes y administrativos en los 28 municipios  no certificados.',3,7,13,12,2),(225,'Meta 5. Elevar a nivel B2 MCERL en lengua extranjera inglés a 61 docentes  ',3,7,13,12,2),(226,'Meta 6. Fortalecer las competencias de 100 docentes de inglés  para el avance en un nilvel superior de desempeño. ',3,7,13,12,2),(227,'Meta 7. Implementar y ejecutar el proyecto educativo bilingüe en  2 instituciones educativas oficiales.  ',3,7,13,12,2),(228,'Meta 8. Fortalecer 100 sedes educativas  rurales a traves de la estrategia pedagógica \"Escuelas demostrativas para el conocimiento y la convivencia\" en los niveles preescolar, basica primaria, básica secundaria y  media',3,7,13,12,2),(229,'Meta 9. Implementar en 20 instituciones educativas procesos para el desarrollo de la cátedra de estudios afrocolombianos',3,7,13,12,2),(230,'Meta 10. Capacitar a 120 etnoeducadores en saberes específicos y didácticas de las áreas',3,7,13,12,2),(231,'Meta 11. Garantizar el sistema educativo propio indígena en 2 instituciones educativas que ofrezcan los niveles de preescolar, primaria, secundaria y media. ',3,7,13,12,2),(232,'Meta 12. Articular la educación media con la educación terciaria en  25 establecimientos educativos del sector rural.  ',3,7,13,12,2),(233,'Meta 13. Articular la educación media con la educación terciaria en 55  establecimientos educativos del sector urbano ',3,7,13,12,2),(234,'Meta 14. Fortalecer las competencias básicas de los proyectos en los 8 establecimientos educativos con jornada única',3,7,13,12,2),(235,'Meta 15. Desarrollar la estrategia de vinculación parental a los procesos pedagógicos escolares en 30 establecimientos educativos.',3,7,13,12,2),(236,'Meta 16.  Implementar el  plan lector escritor \"Antonio  Lozano Pérez\" en 60 establecimientos educativos del Departamento del Meta. ',3,7,13,12,2),(237,'Meta 17. Desarrollar en 58 sedes  la estrategia de evaluación y  seguimiento a la implementación de proyectos educativos transversales, de investigación  y de convivencia escolar.',3,7,13,12,2),(238,'Meta 1. Diseñar e Implementar el Plam departamental  \"Camaritas por la Paz y la Convivencia\" en  144 establecimientos educativos oficiales.',11,7,13,12,2),(239,'Meta 2. Implementar el proyecto \"El Meta tiene talento\" en 20 Establecimientos educativos oficiales.',11,7,13,12,2),(240,'Meta 3. Empoderar a  los gobiernos escolares en los procesos de convivencia e inclusión en 28 municipios del departamento.  ',11,7,13,12,2),(241,'Meta 4. Diseñar e implementar el proyecto \"Ambientes Protectores\" para el uso creativo del tiempo libre en 50  instituciones educativas.',11,7,13,12,2),(242,'Meta 5. Diseñar e implementar la catedra Meta en  144 Establecimientos Educativos oficiales.',11,7,13,12,2),(243,'Meta 6. Capacitar y dotar de elementos básicos para atención primaria en salud en 100 establecimientos Educativos oficiales del Departamento',11,7,13,12,2),(244,'Meta 7. Dotar a 50 sedes educativas de canastas para la discapacidad, capacidad y talentos excepcionales.',11,7,13,12,2),(245,'Meta 8. Garantizar servicios de acompañamiento de orientación escolar a estudiantes de  117 sedes educativas  de 28 municipios no certificados del departamento del Meta',11,7,13,12,2),(246,'Meta 9. Implementar el programa \"Escuelas Más Protegidas en el Meta\" en 40 establecimientos educativos ',11,7,13,12,2),(247,'Meta 1. Implemetar el Plan de Seguimiento y control a los recursos del Sector Educación.',12,8,13,12,2),(248,'Meta 1. Modernizar la estructura jurídica, financiera y administrativa del Fondo Social para la Educación Superior para optimizar la prestación del servicio',13,9,13,12,2),(249,'Meta 2. Renovar 8.500 créditos educativos de Educación Superior',13,9,13,12,2),(250,'Meta 3. Otorgar 900 nuevos créditos educativos reembolsables y  condonables  en los diferentes niveles de  formación, incluyendo población con enfoque diferencial',13,9,13,12,2);
/*!40000 ALTER TABLE `plandedesarrollometa` ENABLE KEYS */;
UNLOCK TABLES;

--
-- Table structure for table `plandedesarrolloprograma`
--

DROP TABLE IF EXISTS `plandedesarrolloprograma`;
/*!40101 SET @saved_cs_client     = @@character_set_client */;
/*!40101 SET character_set_client = utf8 */;
CREATE TABLE `plandedesarrolloprograma` (
  `cod_programa` int(11) NOT NULL AUTO_INCREMENT,
  `programa` varchar(250) NOT NULL,
  `cod_estrategia` int(11) NOT NULL,
  `cod_eje` int(11) NOT NULL,
  `cod_plan` int(11) NOT NULL,
  PRIMARY KEY (`cod_programa`)
) ENGINE=MyISAM AUTO_INCREMENT=61 DEFAULT CHARSET=latin1;
/*!40101 SET character_set_client = @saved_cs_client */;

--
-- Dumping data for table `plandedesarrolloprograma`
--

LOCK TABLES `plandedesarrolloprograma` WRITE;
/*!40000 ALTER TABLE `plandedesarrolloprograma` DISABLE KEYS */;
INSERT INTO `plandedesarrolloprograma` (`cod_programa`, `programa`, `cod_estrategia`, `cod_eje`, `cod_plan`) VALUES (4,'Programa 4. Ciudades más Acogedoras con Espacios para la Equidad y la Inclusión',27,7,2),(3,'Programa 3. Interconexión de Energía Eléctrica, Mas Oportunidades y Desarrollo',27,7,2),(2,'Programa 2. Movilidad Mas Segura',27,7,2),(1,'Programa 1. Transporte Intermodal, Una Oportunidad para Acercar el Campo a la Ciudad',27,7,2),(5,'Programa 1. Reducción de Brechas Poblacionales y Territoriales e Inclusión del Sector Rural en el Acceso a Servicios Públicos',28,7,2),(6,'Programa 1. Acceso a la Educación, un mundo de Oportunidades',13,12,2),(7,'Programa 2. Aseguramiento de la Calidad Educativa en el Meta',13,12,2),(8,'Programa 3. Eficiencia en la Administración de la Educación',13,12,2),(9,'Programa 4. Educación Superior de Calidad',13,12,2),(10,'Programa 1. Más Oportunidades para un Ambiente Sano',14,12,2),(11,'Programa 2. Salud Segura y Estilos de Vida Saludable',14,12,2),(12,'Programa 3. Convivencia Social y Salud Mental para el Desarrollo Humano en el Meta',14,12,2),(13,'Programa 4. Seguridad Alimentaria y Nutricional con Equidad e Inclusión',14,12,2),(14,'Programa 5. Salud Sexual y Reproductiva Segura e Incluyente',14,12,2),(15,'Programa 6. Más Oportunidades para Una Vida Saludable',14,12,2),(16,'Programa 7. Oportunidades Seguras Ante Riesgos de Emergencia y Desastres',14,12,2),(17,'Programa 8. Ambientes Laborales Seguros',14,12,2),(18,'Programa 9. Gestión Incluyente para Poblaciones Vulnerables',14,12,2),(19,'Programa 10. Un Gobierno más Eficiente para la Salud',14,12,2),(20,'Programa 1. Equidad de Genero y Desarrollo Humano con Enfoque Étnico y Diferencial',15,12,2),(21,'Programa 2. Autonomía y Empoderamiento Económico de las Mujeres con Enfoque Étnico y Diferencial',15,12,2),(22,'Programa 3. Ciudadanía, Liderazgo y Empoderamiento Político de las Mujeres con Enfoque Étnico y Diferencial',15,12,2),(23,'Programa 4. Inclusión a Población Diversa LGBTI con Enfoque Étnico y Diferencial',15,12,2),(24,'Programa 5. Fortalecimiento a la Familia con Equidad, como Base del Desarrollo Humano',15,12,2),(25,'Programa 1. Niños, Niñas y Adolescentes Seguros y Protegidos en el Meta',16,12,2),(26,'Programa 2. Fortalecimiento Institucional para Atención a Niños, Niñas y Adolescentes',16,12,2),(27,'Programa 1. Gestión para la Promoción de los Derechos de los Jovenes',17,12,2),(28,'Programa 1. Gestión para la Promoción de Derechos del Adulto Mayor',18,12,2),(29,'Programa 1. Gestión para la Promoción de los Derechos de los Pueblos Indigenas',19,12,2),(30,'Programa 1. Gestión para la Promoción de Derechos de la Población Afrometense',20,12,2),(31,'Programa 1. Gestión para la Inclusión Social y Garantía de Derechos de las Personas en Condición de Discapacidad (PcD)',21,12,2),(32,'Programa 1 Fortalecimiento del Hábitat para la Equidad',22,12,2),(33,'Programa 1. Menos Pobreza y Menos Hambre',23,12,2),(34,'Programa 1. Seguridad Alimentaria y Nutricional en la Agenda Pública',24,12,2),(35,'Programa 1. Fortalecimiento Institucional Para el Deporte',25,12,2),(36,'Programa 2. Competitividad del Deporte Metense',25,12,2),(37,'Programa 3. Masificación Deportiva en el Meta',25,12,2),(38,'Programa 1. Cultura Instrumento para la Inclusión, Reconciliación y Equidad',26,12,2),(39,'Programa 1. El Campo, Oportunidad para la Paz',29,9,2),(40,'Programa 1. Competitividad Turística: La Oportunidad Del Meta',30,9,2),(41,'Programa 1. TIC - Plataformas de Oportunidades ',31,9,2),(42,'Programa 2. Ciencia, Tecnología e Innovación  -Ctei',31,9,2),(43,'Programa 1. Fortalecimiento del Desarrollo Minero Energético',32,9,2),(44,'Programa 1. Protección de los Ecosistemas Estratégicos',33,9,2),(45,'Programa 1. Agua Oportunidad de Vida',34,9,2),(46,'Programa 1. Cambio Climático: Una Realidad',35,9,2),(47,'Programa 1. Prevención, Asistencia, Atención, y Reparación Integral a las Victimas del Conflicto Armado',36,6,2),(48,'Programa 1. Construcción de Paz',37,6,2),(49,'Programa 1. Gestión para la Seguridad Integral, Convivencia y Participación en el Departamento del Meta',38,6,2),(50,'Programa 1. Modernización Institucional para el Fortalecimiento de la Descentralización',39,13,2),(51,'Programa 2. Fortalecimiento de la Planeación: Hacia una Gestión por Resultados',39,13,2),(52,'Programa 3. Sistemas de Información Eficientes y Eficaces',39,13,2),(53,'Programa 1. Internacionalización, Desarrollo Sostenible y Paz',40,13,2),(54,'Programa 1. Hacia Una Cultura de Participación Ciudadana, Transparencia y Legalidad',41,13,2),(55,'Programa 1. Ordenamiento Territorial Departamental',42,13,2),(56,'Programa 2. Fortalecimiento de la Integración Regional y Subregional',42,13,2),(57,'Programa 1. Fortalecimiento de la Competitividad y la Productividad',43,13,2),(58,'Programa 2. Villavicencio, Una Ciudad más Bella y Segura',43,13,2),(59,'Programa 1. Fortalecimiento de las Finanzas Públicas',44,13,2),(60,'Programa 1. Defensa Judicial y Efectividad de la Gestión Contractual en el Departamento del Meta',45,13,2);
/*!40000 ALTER TABLE `plandedesarrolloprograma` ENABLE KEYS */;
UNLOCK TABLES;

--
-- Table structure for table `plandedesarrollosubprograma`
--

DROP TABLE IF EXISTS `plandedesarrollosubprograma`;
/*!40101 SET @saved_cs_client     = @@character_set_client */;
/*!40101 SET character_set_client = utf8 */;
CREATE TABLE `plandedesarrollosubprograma` (
  `cod_subprograma` int(11) NOT NULL AUTO_INCREMENT,
  `subprograma` varchar(250) NOT NULL,
  `cod_programa` int(11) NOT NULL,
  `cod_estrategia` int(11) NOT NULL,
  `cod_eje` int(11) NOT NULL,
  `cod_plan` int(11) NOT NULL,
  PRIMARY KEY (`cod_subprograma`)
) ENGINE=MyISAM AUTO_INCREMENT=117 DEFAULT CHARSET=latin1;
/*!40101 SET character_set_client = @saved_cs_client */;

--
-- Dumping data for table `plandedesarrollosubprograma`
--

LOCK TABLES `plandedesarrollosubprograma` WRITE;
/*!40000 ALTER TABLE `plandedesarrollosubprograma` DISABLE KEYS */;
INSERT INTO `plandedesarrollosubprograma` (`cod_subprograma`, `subprograma`, `cod_programa`, `cod_estrategia`, `cod_eje`, `cod_plan`) VALUES (1,'Subprograma 1. Acceso, Permanencia  y Ampliación de la Cobertura Educativa, Incluyente y con Garantía de Derechos',6,13,12,2),(2,'Subprograma 2. Construcción, Mejoramiento y Dotación de Infraestructura Educativa',6,13,12,2),(3,'Subprograma 1. Mejoramiento de la calidad educativa ',7,13,12,2),(4,'Subprograma 1. Infraestructura vial y fluvial  ',1,27,7,2),(5,'Subprograma 1. Seguridad vial un compromiso de vida',2,27,7,2),(6,'Subprograma 1. Interconexión y generación de energía',3,27,7,2),(7,'Subprograma 1. Equipamiento urbano',4,27,7,2),(8,'Subprograma 1. Infraestructura  para Servicios Públicos Básicos',5,28,7,2),(9,'Subprograma 2. Ambientes de Aprendizaje para la Convivencia y la Paz ',6,13,12,2),(10,'Subprograma 1. Mejoramiento de la calidad educativa ',7,13,12,2),(11,'Subprograma 2. Ambientes de Aprendizaje para la Convivencia y la Paz ',7,13,12,2),(12,'Subprograma 1. Gestión Administrativa eficaz y eficiente ',8,13,12,2),(13,'Subprograma 1. Gestión Administrativa eficaz y eficiente ',9,13,12,2),(14,'Subprograma 1. Oportunidades  en salud relacionadas con condiciones ambientales',10,14,12,2),(15,'Subprograma 1. Bienestar  y disfrute de una vida sana',11,14,12,2),(16,'Subprograma 1. El Meta con Cultura de Convivencia y Humanización en Salud Mental ',12,14,12,2),(17,'Subprograma 1. Garantizando la Seguridad Alimentaria en el Meta ',13,14,12,2),(18,'Subprograma 1. Promoción y Atención Integral en Salud Sexual y Reproductiva Desde Un Enfoque de Derechos ',14,14,12,2),(19,'Subprograma 1. Mejorando Condiciones para una vida saludable ',15,14,12,2),(20,'Subprograma 1. Departamento seguro frente a urgencias,  emergencias y desastres',16,14,12,2),(21,'Subprograma 1. Más oportunidades de salud y proteccion para  los trabajadores',17,14,12,2),(22,'Subprograma 1. Acciones Diferenciales en Salud Pública para la Población Víctima del Conflicto y grupos étnicos',18,14,12,2),(23,'Subprograma 1. Garantía de Acceso a la Prestación de los Servicios en Salud ',19,14,12,2),(24,'Subprograma 2. Fortalecimiento Institucional ',19,14,12,2),(25,'Subprograma 1. Justicia de género para una vida libre de violencias  ',20,15,12,2),(26,'Subprograma 2. La paz se construye con las mujeres del meta',20,15,12,2),(27,'Subprograma 1. Empoderamiento económico para las Muj',21,15,12,2),(28,'Subprograma 1. Liderazgo y Participación Democrática de las Mujeres ',22,15,12,2),(29,'Subprograma 1. Promoción de derechos humanos de la población LGBTI en el Meta',23,15,12,2),(30,'Subprograma 2. Fortalecimiento institucional para la participación de la población LGBTI',23,15,12,2),(31,'Subprograma 1. Mejoramiento en la calidad de vida de las familias',24,15,12,2),(32,'Subprograma 1. Niños, Niñas y Adolescentes en la Agenda Pública Departamental ',25,16,12,2),(33,'Subprograma 2. Creciendo con los Niños y las Niñas en el Meta ',25,16,12,2),(34,'Subprograma 1. La Institucionalidad con los NiÑos, Niñas y Adolescentes en el Meta ',26,16,12,2),(35,'Subprograma 1. Estrategia para garantizar el Derecho a la Vida de los y las Jóvenes en el Meta',27,17,12,2),(36,'Subprograma 2. Plan para la Inclusión Adecuada de los Jóvenes al Trabajo Digno y de Calidad',27,17,12,2),(37,'Subprograma 3. Estrategia Departamental para la Adecuada Inclusión Cívica y Socio-Cultural de los y las Jóvenes como Agentes de Camb',27,17,12,2),(38,'Subprograma 1. Plan Departamental de Atención Psicosocial para el Adulto Mayor',28,18,12,2),(39,'Subprograma 1. Territorio para la Pervivencia y Pleno Desarrollo de los Pueblos Indígenas del Meta',29,19,12,2),(40,'Subprograma 2. Estrategia para la Conservación de las Tradiciones y el \"Buen Vivir\" de los Pueblos Indígenas del Departamento',29,19,12,2),(41,'Subprograma 3. Fortalecimiento Institucional para garantizar la participación Activa de los Pueblos Indígenas',29,19,12,2),(42,'Subprograma 1. Estrategia de Fortalecimiento Institucional para Garantizar la Participación Activa de la Población Afrometense ',30,20,12,2),(43,'Subprograma 2. Gerencia para el Mejoramiento de la Calidad de Vida de la Población Afrometense',30,20,12,2),(44,'Subprograma 1. Gestión Territorial para la Discapacida',31,21,12,2),(45,'Subprograma 1. Oportunidades de desarrollo humano y vivienda digna ',32,22,12,2),(46,'Subprograma 1. Contra la Pobreza Extrema',33,23,12,2),(47,'Subprograma 1. Asegurando la Disponiblidad Alimentaria ',34,24,12,2),(48,'Subprograma 2. Acceso y Consumo de Alimento',34,24,12,2),(49,'Subprograma 1. Respuestas Institucionales para el Deporte y la Recreación ',35,25,12,2),(50,'Subprograma 1. Deportistas de Altos Logros ',36,25,12,2),(51,'Subprograma 1. Deporte y Actividad Física Incluyen',37,25,12,2),(52,'Subprograma 1. Fortalecimiento del Sistema Departamental de Cultura, Un camino para la Inclusión, Reconciliación y Equidad ',38,26,12,2),(53,'Subprograma 2. Fortalecimiento de la Red Departamental de Bibliotecas Públicas, Generando Oportunidades para todos y todas ',38,26,12,2),(54,'Subprograma 3. Formación en Procesos de Creación y Expresión Artística, Garantía de Oportunidades para Todos y Todas ',38,26,12,2),(55,'Subprograma 4. Identificación,  reconocimiento, apropiación y protección del patrimonio cultural del Meta ',38,26,12,2),(56,'Subprograma 5. Reconocimiento, valoración e inclusión para el diálogo intercul',38,26,12,2),(57,'Subprograma 6. Plan Departamental de Música \"Porque el Meta Nos Toca, Icluye y Reconcilia\"',38,26,12,2),(58,'Subprograma 7. Fortalecimiento a la Insfraestructura Cultural del Meta ',38,26,12,2),(59,'Subprograma 8. Apoyo al Fondo de Salud de Artistas y Gestores Culturales del Departamento del Meta ',38,26,12,2),(60,'Subprograma 1. El Meta es tu Tierra',39,29,9,2),(61,'Subprograma 2. Alianzas Productivas para el Camp',39,29,9,2),(62,'Subprograma 3. Comercialización de la producción agropecuaria',39,29,9,2),(63,'Subprograma 4. Agroindustria para modernizar la producció',39,29,9,2),(64,'Subprograma 5. Respaldo a esfuerzos de organizaciones sociales y grupos poblacionales',39,29,9,2),(65,'Subprograma 6. Mejoramiento ganadero',39,29,9,2),(66,'Subprograma 7. Modernización agrícola',39,29,9,2),(67,'Subprograma 1. Construcción y mejoramiento de la infraestructura turística',40,30,9,2),(68,'Subprograma 2. Todos por un turismo sostenible con alma llanera',40,30,9,2),(69,'Subprograma 3. Promoción Turística ',40,30,9,2),(70,'Subprograma 4. Turismo, talento natural del Meta: aporte para la paz',40,30,9,2),(71,'Subprograma 1. Tic para la Comunidad',41,31,9,2),(72,'Subprograma 2. Gobierno en Línea y Fortalecimiento Instituciona',41,31,9,2),(73,'Subprograma 1. El Meta CIEN-TE e InnovaSubprograma 1. El Meta CIEN-TE e Innova',42,31,9,2),(74,'Subprograma 1. Vigilancia y control a las actividades extractivas y promoción de energías alternativas',43,32,9,2),(75,'Subprograma 1. Por un Meta sostenible ',44,33,9,2),(76,'Subprograma 2. Gestión para protección de la biodiversidad y ecosistemas estratégicos',44,33,9,2),(77,'Subprograma 1.Protección de los Recursos Hídricos ',45,34,9,2),(78,'Subprograma 2. Preservación y recuperación de las  fuentes hidricas abastecedoras de acueductos ',45,34,9,2),(79,'Subprograma 3. Gestión para la Protección de Páramos  y Humedales',45,34,9,2),(80,'Subprograma 1. Mitigar y Adaptarse: Es la prioridad',46,35,9,2),(81,'Subprograma 2. De la educación a la Acción Ambiental ',46,35,9,2),(82,'Subprograma 1. Fortalecimiento institucional para la territorialización de la ley de víctimas',47,36,6,2),(83,'Subprograma 2. Fortalecimiento en la implementación de los componentes de la política pública de víctimas y restitución de tierra',47,36,6,2),(84,'Subprograma 3. Focalización de acciones para reparación integral de las víctimas del conflicto',47,36,6,2),(85,'Subprograma 1. Prevención, protección, promoción de  DDHH y DIH',48,37,6,2),(86,'Subprograma 2. Plan Territorial de Alistamiento para la Paz',48,37,6,2),(87,'Subprograma 3.Herramientas Departamentales para la  Reintegración',48,37,6,2),(88,'Subprograma 1. Fortalecimiento Institucional para Hacer del Meta un Departamento Seguro',49,38,6,2),(89,'Subprograma 2. Prevención del delito y de violaciones a los Derechos Humanos',49,38,6,2),(90,'Subprograma 3. Plan para la gestión del riesgo de desastres y estratégias de respuesta para un gobierno seguro',49,38,6,2),(91,'Subprograma 4. Fortalecimiento de la participación ciudadana, acción comunal y el desempeño de las organizaciones sociales en el departamento ',49,38,6,2),(92,'Subprograma 1. Arquitectura institucional para la eficiencia administrativa',50,39,13,2),(93,'Subprograma 2. Fortalecimiento de la capacidad institucional ',50,39,13,2),(94,'Subprograma 3. Gestión de calidad para el mejoramiento continuo ',50,39,13,2),(95,'Subprograma 4. Fortalecimiento del ciclo de gestión pública municipal ',50,39,13,2),(96,'Subprograma 5. Mejoramiento del control inter',50,39,13,2),(97,'Subprograma 1. Modernización del banco de programas y proyectos de inversión departamental ',51,39,13,2),(98,'Subprograma 2. Programación, seguimiento y evaluación de la inversión pública para la transparencia administrativa ',51,39,13,2),(99,'Subprograma 3. Fortalecimiento de la instancias del sistema general de regalías',51,39,13,2),(100,'Subprograma 1. Sistema integral de información departamental: herramienta para la articulación ',52,39,13,2),(101,'Subprograma 2. Observatorio regional del Meta ',52,39,13,2),(102,'Subprograma 3. Comunicaciones para el fortalecimiento institucional ',52,39,13,2),(103,'Subprograma 1. Fortalecimiento de la cooperación en el territo',53,40,13,2),(104,'Subprograma 2. Meta exporta ',53,40,13,2),(105,'Subprograma 1. Fortalecimiento a los consejos territoriales de planeación municipales y del meta ',54,41,13,2),(106,'Subprograma 2. Gerencia pública transparente  ',54,41,13,2),(107,'Subprograma 1. Gestion del plan de ordenamiento departamental ',55,42,13,2),(108,'Subprograma 1. Integración con RAPE - Región Central  ',56,42,13,2),(109,'Subprograma 2. Fortalecimiento de las subregiones del meta ',56,42,13,2),(110,'Subprograma 3. Integración con la región Orinoquia ',56,42,13,2),(111,'Subprograma 1. Alistamiento institucional para la productividad y la competitividad.',57,43,13,2),(112,'Subprograma 2. Apoyo, seguimiento y monitoreo para la  implementación de políticas públicas ',57,43,13,2),(113,'Subprograma 1. Trabajando por Villavicencio',58,43,13,2),(114,'Subprograma 1. Fortalecimiento de la gestión tributaria para optimizar el recaudo',59,44,13,2),(115,'Subprograma 2. Eficiencia en la gestión administrativa financiera ',59,44,13,2),(116,'Subprograma 1. Prevención del daño antijurídico y fortalecimiento de la gestión contractual ',60,45,13,2);
/*!40000 ALTER TABLE `plandedesarrollosubprograma` ENABLE KEYS */;
UNLOCK TABLES;

--
-- Table structure for table `profesiones`
--

DROP TABLE IF EXISTS `profesiones`;
/*!40101 SET @saved_cs_client     = @@character_set_client */;
/*!40101 SET character_set_client = utf8 */;
CREATE TABLE `profesiones` (
  `cod_profesion` int(11) NOT NULL AUTO_INCREMENT,
  `profesion` varchar(100) NOT NULL,
  PRIMARY KEY (`cod_profesion`)
) ENGINE=MyISAM AUTO_INCREMENT=8 DEFAULT CHARSET=latin1;
/*!40101 SET character_set_client = @saved_cs_client */;

--
-- Dumping data for table `profesiones`
--

LOCK TABLES `profesiones` WRITE;
/*!40000 ALTER TABLE `profesiones` DISABLE KEYS */;
INSERT INTO `profesiones` (`cod_profesion`, `profesion`) VALUES (1,'Arquitecto'),(2,'Ing. Civil'),(3,'Ing. Electrico'),(4,'Ing. de Vias'),(5,'Ing. Agronomo'),(6,'N/A'),(7,'Ing. Sanitaria Y Ambiental');
/*!40000 ALTER TABLE `profesiones` ENABLE KEYS */;
UNLOCK TABLES;

--
-- Table structure for table `proyectos`
--

DROP TABLE IF EXISTS `proyectos`;
/*!40101 SET @saved_cs_client     = @@character_set_client */;
/*!40101 SET character_set_client = utf8 */;
CREATE TABLE `proyectos` (
  `cod_proyecto` int(11) NOT NULL,
  `objetivoproyecto` varchar(250) NOT NULL,
  `municipio1` int(11) NOT NULL,
  `municipio2` int(11) NOT NULL,
  `estadodelproyecto` varchar(50) NOT NULL,
  `supervisor` double NOT NULL,
  `estrategia` varchar(50) NOT NULL,
  `sectordeinversion` varchar(50) NOT NULL,
  `subsector` varchar(50) NOT NULL,
  `enteejecutor` varchar(50) NOT NULL,
  PRIMARY KEY (`cod_proyecto`)
) ENGINE=MyISAM DEFAULT CHARSET=latin1;
/*!40101 SET character_set_client = @saved_cs_client */;

--
-- Dumping data for table `proyectos`
--

LOCK TABLES `proyectos` WRITE;
/*!40000 ALTER TABLE `proyectos` DISABLE KEYS */;
INSERT INTO `proyectos` (`cod_proyecto`, `objetivoproyecto`, `municipio1`, `municipio2`, `estadodelproyecto`, `supervisor`, `estrategia`, `sectordeinversion`, `subsector`, `enteejecutor`) VALUES (201701,'CONSTRUCCION DEL POLIDEPORTIVO UBICADO EN LA VEREDA SANTA TERESA EN EL MUNICIPIO DE VILLAVICENCIO',29,1,'5',52490885,'5','4','3','2'),(201602,'REHBILITACION DE LA VIA QUE CONDUCE ALA VEREDA BUENA VISTA DESDE EL  CRUCE RUTA 40 CON LA VIA A BUENA VISTA ENTRE EL K0+000 AL K2+154 Y LA VIA QUE CONDUCE A LA VEREDA EL CAIRO DESDE EL CRUCE RUTA 65 CON LA VIA AL CAIRO ENTRE EL K10+850 AL K17+117, CA',29,1,'2',80882602,'11','6','14','2'),(201601,'MEJORAMIENTO DE LA INSTITUCION EDUCATIVA ANTONIO NARIÑO EN EL CENTRO POBLADO PUERTO NUEVO, MUNICIPIO DE FUENTE DE ORO META, ORINOQUIA',11,1,'6',53124411,'1','2','6','2'),(201603,'MEJORAMIENTO DE LA VIA DE LOS ACCESOS AL CENTRO POBLADO PUERTO ALJURE, DESDE EL K0+000 HASTA EL K4+214, DEL MUNICIPIO DE FUENTE DE ORO',11,1,'2',40329720,'11','6','14','2'),(201604,'MEJORAMIENTO Y ADECUACION DEL COLEGIO NACIONALIZADO FEMENINO DE BACHILLERATO ETAPA 1, DEL MUNICIPIO DE VILLAVICENCIO, META',29,1,'6',40186544,'1','2','6','2'),(201605,'CONSTRUCCION PUENTE SOBRE EL RIO ARIARI EN LA VIA QUE COMUNICA A LOS MUNICIPIOS DEL CASTILLO Y SAN LUIS DE CUBARRAL EN EL DEPARTAMENTO DEL META',6,1,'2',1121870808,'11','6','8','2'),(201606,'ESTUDIO Y DISEÑO DE CANCHAS SINTETICAS EN LAS SUBREGIONES DE LA MACARENA, CAPITAL CORDILLERA, ARIARI y BAJO ARIARI SUR, META - ORINOQUIA',32,1,'3',40048953,'10','4','4','2'),(201607,'MEJORAMIENTO DE LA VIA QUE CONDUCE A LA VEREDA AGUAS ZARCAS, EN EL MUNICIPIO DE EL DORADO EN EL DEPARTAMENTO DEL META.',10,1,'8',1121856246,'10','6','14','2'),(201608,'AMPLIACION ELECTRIFICACION RURAL DE LAS VEREDAS LAS DELICIAS Y EL RODEO EN EL MUNICIPIO DE PUERTO LOPEZ',22,1,'3',40433146,'10','3','10','2'),(201609,'CONSTRUCCION Y ELECTRIFICACION RURAL VEREDA SAN PABLO SECTOR EL MOLINO MUNICIPIO DE PUERTO LOPEZ',22,1,'3',40433146,'10','3','11','2'),(201610,'CONSTRUCCION ELECTRIFICACION RURAL VEREDAS DARIEN, GUAPE SECTOR CAÑO DARIO, GUAYAQUIL, GRANJA INTERIOR LAS PARCELAS, CANAGUARO SECTOR CAMPAMENTO, LA PLAYA SECTOR CAÑO FRIO Y SECTOR EL PEZUÑO, LOS ANDES, SAN IGNACIO, SARDINATA Y URICHARE DEL MUNICIPIO',12,1,'3',40433146,'10','3','10','2'),(201611,'MEJORAMIENTO DEL CIRCUITO VIAL EN LA INSPECCION DE MEDELLIN DEL ARIARRI EN EL MUNICIPIO DE EL CASTILLO - META',9,1,'2',40329720,'11','6','14','2'),(201612,'MEJORAMIENTO DE LA VÍA QUE CONDUCE DESDE LA RUTA 65 (VÍA NACIONAL VILLAVICENCIO –CUMARAL HACIA LA VEREDA SAN NICOLÁS DESDE EL KM 0+00 AL KM 2+400 MUNICIPIO DE RESTREPO – META',24,1,'8',33376523,'10','6','14','2'),(201613,'CONSTRUCCION DE ELECTRIFICACION RURAL VEREDAS EL PORVENIR, EL PALMAR Y LA PAZ EN EL MUNICIPIO DE MESETAS, DEPARTAMENTO DEL META',18,1,'6',42099556,'1','1','1','1'),(201614,'se cambia por uno nuevo que tiene fernando',1,1,'5',80882602,'1','1','1','1'),(201711,'MEJORAMIENTO VIAL DE LA VIA QUE CONDUCE DESDE EL CRUCE DE LA VIA QUE VA A SAN MARTIN HASTA EL INICIO DEL PUENTE DE LA AMISTAD',6,1,'5',1121850688,'1','6','14','2'),(201615,'MANTENIMIENTO DE VIAS TERCIARIAS EN EL MUNICIPIO DE LA URIBE - META',15,1,'3',3277194,'10','6','14','3'),(201616,'MANTENIMIENTO DE VIAS TERCIARIAS EN EL MUNICIPIO DE LA MACARENA - META',14,1,'17',79615909,'10','6','14','2'),(201617,'MANTENIMIENTO DE VIAS TERCIARIAS EN EL MUNICIPIO DE SAN JUAN DE ARAMA - META',26,1,'3',1121856246,'10','6','14','3'),(201618,'MANTENIMIENTO DE VIAS TERCIARIAS EN EL MUNICIPIO DE PUERTO RICO - META',23,1,'3',1049613824,'10','6','14','3'),(201619,'MANTENIMIENTO DE VIAS TERCIARIAS EN EL MUNICIPIO DE EL CALSTILLO - META',9,1,'3',1049613824,'10','6','14','3'),(201620,'MANTENIMIENTO DE VIAS TERCIARIAS EN EL MUNICIPIO DE EL CALVARIO - META',8,1,'3',33376523,'10','6','14','3'),(201621,'MANTENIMIENTO DE VIAS TERCIARIAS EN EL MUNICIPIO DE SAN JUANITO - META',27,1,'3',33376523,'10','6','14','3'),(201622,'MANTENIMIENTO DE VIAS TERCIARIAS EN EL MUNICIPIO DE FUENTE DE ORO - META',11,1,'3',1049613824,'10','6','14','3'),(201623,'MANTENIMIENTO DE VIAS TERCIARIAS EN EL MUNICIPIO DE VISTA HERMOSA - META',30,1,'3',40329720,'10','6','14','3'),(201624,'CONSTRUCCION Y ADECUACION DE POLIDEPORTIVOS EN LOS BARRIOS EL BAMBU, VILLA AURORA Y VILLA MANUELA DEL MUNICIPIO DE ACACIAS - META',2,1,'5',1121879569,'1','1','1','1'),(201625,'CONSTRUCCION Y ADECUACION DE POLIDEPORTIVO EN EL BARRIO SANTA CATALINA DEL MUNICIPIO DE VILLAVICENCIO - META',29,1,'5',79790970,'1','1','1','1'),(201626,'MEJORAMIENTO DE LA VIA QUE CONDUCE AL SECTOR LA REFORMA EN LA VEREDA SAN LUIS DE OCOA MUNICIPIO DE VILLAVICENCIO, META',29,1,'6',1121856246,'1','1','1','1'),(201627,'CONSTRUCCION DEL PUENTE SOBRE EL RIO CLARO, VEREDA EL CABLE SECTOR PUENTE CAIDO, EN LA VIA QUE COMUNICA LOS MUNICIPIOS DE EL CASTILLO Y GRANADA. DEPARTAMENTO DEL META - ORINOQUIA',9,1,'2',1121856246,'11','6','8','2'),(201628,'CONSTRUCCION PUENTE COLGANTE PEATONAL Y MULAR SOBBRE EL RIO GUATIQUIA EN EL CAMINO DE HERRADURA QUE CONDUCE A LA VEREDA SAN ROQUE EN EL MUNICIPIO DE SAN JUANITO META',27,1,'5',33376523,'1','1','1','1'),(201629,'ESTUDIOS Y DISEÑOS PARA LA CONSTRUCCION DE PUENTES Y VIAS ALTERNAS A LA CONSTRUCCION DE LA DOBLE CALZADA PORFIA - FUNDADORES, MUNICIPIO DE VILLAVICENCIO - META',29,1,'8',1121850688,'10','6','4','2'),(201630,'ESTUDIOS Y DISEÑOS PARA LA CONSTRUCCION DEL PUENTE SOBRE EL RIO META EN EL MUNICIPIO DE CABUYARO META',4,1,'10',1121856246,'11','6','8','2'),(201631,'CONSTRUCCION DE LA ETAPA 1 DEL MALECON TURISTICO DE LA PAZ EN EL MUNICIPIO DE PUERTO RICO EN EL DEPARTAMENTO DEL META',23,1,'10',1121879569,'11','6','7','2'),(201632,'PAVIMENTACION DE LA CARRERA 15E, ENTRE LAS CALLES 24 Y 21 Y LA CALLE 21 ENTRE LAS CARRERAS 15E Y 17E',29,1,'5',3277194,'1','1','1','1'),(201633,'CONSTRUCCION DE PUENTE VEHICULAR SOBRE EL CAÑO DULCE VEREDA LAS MERCEDES MUNICIPIO DE MESETAS META',18,1,'5',3277194,'1','1','1','1'),(201634,'CONSTRUCCION DE GIMNASIO BIOSAUDABLE Y ADECUACIONES LOCATIVAS DEL PARQUE DEL BARRIO GUATAPE UBICADO EN LA DG 30 ENTRE CALLE 27 Y CR 39 DEL MUNICIPIO DE VILLAVICENCIO DEPARTAMENTO DEL META',29,1,'6',1121850688,'1','1','1','1'),(201635,'ADQUISICION DE BANCO DE MAQUINARIA PARA EL MEJORAMIENTO Y REHABILITACION DE VIAS TERCIARIAS Y SECUNDARIAS EN EL MUNICIPIO DE SAN JUANITO',27,1,'6',33376523,'1','1','1','1'),(201636,'ADQUISICION DE BANCO DE MAQUINARIA PARA EL MEJORAMIENTO Y REHABILITACION DE VIAS TERCIARIAS Y SECUNDARIAS EN EL MUNICIPIO DE EL CALVARIO',8,1,'6',33376523,'1','1','1','1'),(201637,'ADQUISICION DE BANCO DE MAQUINARIA PARA EL MEJORAMIENTO Y REHABILITACION DE VIAS TERCIARIAS Y SECUNDARIAS EN EL MUNICIPIO DE MAPIRIPAN',17,1,'6',33376523,'1','1','1','1'),(201638,'ESTUDIOS Y DISEÑOS PARA LA ADECUACION DE LA LIGA DE TENIS DE VILLAVICENCIO',29,1,'5',79790970,'1','1','1','1'),(201639,'MEJORAMIENTO DE LA VIA QUE COMUNICA LA VEREDA RANCHO GRANDE CON LA VEREDA FRESCO VALLE, MUNICIPIO DE ACACIAS DEPARTAMENTO DEL META',2,1,'5',79790970,'1','1','1','1'),(201640,'MEJORAMIENTO DE LA VIA DESDE LA CALLE 25 CON CARRERA 14 HASTA LA VEREDA SARDINATA, MUNICIPIO DE ACACIAS DEPARTAMENTO DEL META',2,1,'5',79790970,'1','1','1','1'),(201641,'REHABILITACION DEL ESCENARIO DEPORTIVO PARA EL CENTRO POBLADO DE SAN FRANCISCO, MUNICIPIO DE EL CALVARIO META',8,1,'5',40186544,'1','1','1','1'),(201642,'DOBLE CALZADA PORFIA',29,1,'3',86042973,'11','6','15','2'),(201643,'DOBLE CALZADA OCOA',29,1,'3',86042973,'11','6','15','2'),(201644,'CONSTRUCCIÓN DE DOBLE CALZADA DE LA VÍA QUE CONDUCE DESDE INTERSECCIÓN FUNDADORES HASTA ACCESO CIUDAD PORFÍA EN EL MUNICIPIO DE VILLAVICENCIO, META - SEGUNDA ETAPA ',29,1,'10',1121870808,'11','6','15','2'),(201645,'CONSTRUCCIÓN DE DOBLE CALZADA DE LA VÍA QUE CONDUCE DESDE EL PUENTE DE LA INTERSECCIÓN DE LA SÉPTIMA BRIGADA HASTA SECTOR DEL RÍO OCOA MUNICIPIO DE VILLAVICENCIO, META - SEGUNDA ETAPA DOBLE CALZADA SEPTIMA BRIGADA - PUERTO LOPEZ',29,1,'10',80882602,'11','6','15','2'),(201646,'MEJORAMIENTO DE LA VIA SAN MARTIN - MEREY - SAN CARLOS DE GUAROA DEL k15+900 AL K 59+062 (PUENTE SOBRE EL RIO GUAMAL). MUNICIPIO DE SAN MARTIN DE LOS LLANOS Y SAN CARLOS DE GUAROA, DEPARTAMENTO DEL META.',28,25,'5',3277194,'1','1','1','1'),(201647,'CONSTRUCCION DEL MUELLE Y PROTECCION DE LA RIVERA DEL RIO GUAYABERO EN EL MUNICIPIO DE LA MACARENA EN EL DEPARTAMENTO DEL META.',14,1,'6',1121850688,'1','1','1','1'),(201648,'MEJORAMIENTO DE LA VIA QUE CONDUCE DEL MUNICIPIO DE BARRANCA DE UPIA A CABUYARO EN EL DEPARTAMENTO DEL META. OBRAS ENTRE K0+000 AL K41+333',4,3,'5',86070629,'1','1','1','1'),(201649,'CONSTRUCCION DEL MEGACOLEGIO INSTITUCION EDUCATIVA ENRIQUE OLAYA HERRERA EN EL MUNICIPIO DE PUERTO LOPEZ META',22,1,'5',86079518,'1','1','1','1'),(201650,'GESTION DEL RIESGO',32,1,'5',80882602,'1','1','1','1'),(201651,'ELECTRIFICACION RURAL POBLACION REINCOPORADA VEREDA GUALAS MUNICIPIO DE SAN MARTIN DEL LLANO, DEPARTAMENTO DEL META',28,1,'16',42099556,'1','3','11','2'),(201652,'CONSTRUCCION DE INFRAESTRUCTURA EDUCATIVA EN EL MUNICIPIO DE SAN CARLOS DE GUAROA',25,1,'8',86079518,'10','2','6','2'),(201653,'CONSTRUCCION DE PARQUES BIOSALUDABLES EN EL CENTRO POBLADO LA PALMERA Y EN EL AREA URBANA DEL MUNICIPIO DE SAN CARLOS DE GUAROA',25,1,'8',86079518,'10','4','3','2'),(201654,'PAVIMENTACION DE LA VIA QUE CONDUCE A LA VEREDA ALTO COROZAL Y REPARCHEO DEL TRAMO DE LA VIA ENTRE EL CRUCE DE CARNICERIAS Y CASABLANCA EN EL MUNICIPIO DE CASTILLA LA NUEVA, META',5,1,'5',17336065,'1','1','1','1'),(201655,'MEJORAMIENTO DE VIA EN EL SECTOR DE CAÑO OVEJAS EN EL MUNICIPIO DE MAPIRIPAN DEPARTAMENTO DEL META',17,1,'5',80882602,'1','1','1','1'),(201656,'MEJORAMIENTO DE LA VIA ACCESO AL RESGUARDO DE LA COMUNIDAD INDIGENA JIW EN LA VEREDA EL PALMAR EN EL MUNICIPIO DE PUERTO CONCORDIA META',19,1,'3',86068465,'10','6','14','3'),(201657,'MANTENIMIENTO DE VIAS TERCIARIAS EN EL MUNICIPIO DE MAPIRIPAN - META',17,1,'3',1121856246,'10','6','14','3'),(201658,'REHABILITACION DE BANCA EN LA VIA CERRADA BAJA CRISTALINA LOCALIZACION No. 885673, E 1007565.',16,1,'6',53124411,'1','1','1','1'),(201659,'MEJORAMIENTO DE LA VIA QUE CONDUCE DE LA VEREDA DE SAN LUIS DE OCOA K2+860 A LA ESCUELA LA ARENERA K4+035.4, Y ADECUACION BAHIAS DE PASO; EN MUNICIPIO DE VILLAVICENCIO DEPARTAMENTO DEL META.',29,1,'5',53124411,'1','1','1','1'),(201660,'CONSTRUCCION CAMERINOS PARA EL ESTADIO DEL MUNICIPIO EL DORADO - META',10,1,'6',53124411,'1','1','1','1'),(201661,'MEJORAMIENTO DE LA VIA CAÑA PAJUIL 1 HASTA EL PUENTE CAÑO PAJUIL 2 EN EL MUNICIPIO DE EL DORADO DEPARTAMENTO DEL META',10,1,'6',53124411,'1','1','1','1'),(201662,'VEREDA LA CECILIA - CONCURSO DE PESEBRES',29,1,'5',79790970,'1','1','1','1'),(201663,'NUEVA COLOMBIA - CONCURSO D PESEBRES',29,1,'5',1121850688,'1','1','1','1'),(201664,'ADECUACION ILUMINACIONES ESPECIALES PARA LA TEMPORADA NAVIDEÑA DEL 2016 EN DIFERENTES SITIOS DEL DEPARTAMENTO DEL META',32,1,'15',79615909,'10','4','3','2'),(201665,'CONSTRUCCION DE LA SEGUNDA ETAPA DEL COLISEO DE FERIAS Y OBRAS COMPLEMENTARIAS EN EL PARQUE LAS MALOCAS EN EL MUNICIPIO DE VILLAVICENCIO.',29,1,'6',1121879569,'1','1','1','1'),(201666,'CONSTRUCCION DE OBRA DE PROTECCION EN GAVIONES EN EL MARGEN DERECHA DE LA VIA QUE CONDUCE A LA VEREDA AGUA LINDA EN LA APROXIMACION DEL PUENTE SOBRE LA QUEBRADA LA CRISTALINA, LOCALIZACION NORTE 885931, ESTE 1007585.',16,1,'5',3277194,'1','1','1','1'),(201667,'CONSTRUCCION DE GAVIONES',24,1,'5',40329720,'1','1','1','1'),(201668,'VIA ZURIMENA',25,1,'5',1121870808,'1','1','1','1'),(201669,'ADECUACION Y MEJORAMIENTO DEL PARQUE DEPORTIVO Y RECREATIVO ',7,1,'5',40186544,'1','1','1','1'),(201670,'ESTUDIOS DE TOPOGRAFIA, SUELOS, HIDROLOGIA, HIDRAULICA Y SOCAVACION PARA LOS DISEÑOS DE LAS OBRAS DE PROTECCION SOBRE LA MARGEN DERECHA SECTOR AGUAS ARRIBA DE INSPECCION GUACAVIA EN EL MUNICIPIO DE CUMARAL, META.',7,1,'5',86068465,'1','1','1','1'),(201671,'RESILENCIA URBANA CUMARAL',7,1,'6',86079518,'1','1','1','1'),(201672,'MEJORAMIENTO DE VIAS URBANAS EN EL MUNICIPIO DE VISTA HERMOSA, DEPARTAMENTO DEL META',30,1,'16',80882602,'1','1','1','1'),(201673,'CONSTRUCCION DEL CENTRO DE ATENCION DEL ADULTO MAYOR EN EL MUNICIPIO DE CUBARRAL EN EL DEPARTAMENTO DEL META',6,1,'16',80882602,'10','2','6','2'),(201674,'CONSTRUCCION CICLORUTA DE ACCESO AL MUNICIPIO DE CUBARRAL DEPARTAMENTO DEL META',6,1,'5',80882602,'11','6','3','2'),(201675,'CONSTRUCCION DE PLACA EN CONCRETO PARA EL HANGAR DE LAS AERONAVES DEL EQUIPO SWCHEIZER DEL COMANDO AEREO DE COMBATE No 2 APIAY MUNICIPIO DE VILLAVICENCIO META',29,1,'3',86079518,'10','6','3','2'),(201676,'CONSTRUCCION DE UN ALOJAMIENTO PARA LA REACCION Y CONTRA ATAQUE DEL CACOM 2, APIAY VILLAVICENCIO DEPARTAMENTO DEL META',29,1,'8',86079518,'10','6','6','2'),(201677,'CONSTRUCCION DE OFICINAS ARMADA NACIONAL SEDE PUERTO LOPEZ DEPARTAMENTO DEL META ',22,1,'8',86079518,'10','2','6','2'),(201678,'CONSTRUCCION DE CIRCUITO AGILITY Y JUEGOS PARA NIÑOS EN EL MUNICIPIO DE VILLAVICENCIO DEPARTAMENTO DEL META',29,1,'8',86079518,'10','4','3','2'),(201679,'CONSTRUCCION DE OBRAS DE BAJA COMPLEJIDAD PARA LA ADECUACION DE LAS INSTALACIONES EDUCATIVAS EN LOS MUNICIPIOS DE PUERTO CONCORDIA Y LA MACARENA',19,14,'8',86079518,'10','2','6','2'),(201680,'CONSTRUCCION DE ESTACIÓN DE POLICÍA EN EL MUNICIPIO DE EL CASTILLO DEPARTAMENTO DEL META',9,1,'8',86079518,'10','2','6','2'),(201681,'CONSTRUCCION DEL POLIDEPORTIVO UBICADO EN EL BARRIO EL JARDIN EN EL MUNICIPIO DE PUERTO RICO - META',23,1,'5',86079518,'1','1','1','1'),(201682,'CONSTRUCCION ELECTRIFICACION RURAL SECTOR ALTO BAMBU MUNICIPIO DE SAN MARTIN',28,1,'8',42099556,'1','3','1','2'),(201683,'MEJORAMIENTO DE LAS VIAS TERCIARIAS DE LAS VEREDAS BUENOS AIRES, LA ORQUIDEA, ALTO SAN ANTONIO, BAJO SAN ANTONIO,GUADUALES, CAÑO ROJO, EL JORDAN, Y PALMAR BAJO EN EL MUNICIPIO DE LA MACARENA META.',14,1,'6',1121850688,'1','1','1','1'),(201684,'MEJORAMIENTO Y AMPLIACION DE LA PLATAFORMA DE LA PISTA DEL MUNICIPIO DE LA MACARENA EN EL DEPARTAMENTO DEL META',14,1,'5',3277194,'1','1','1','1'),(201702,'CONSTRUCCIÓN REDES ELÉCTRICAS EN MEDIA Y BAJA TENSIÓN EN LAS VEREDAS MESA REDONDA Y CENTRAL EN EL MUNICIPIO DE CUBARRAL META',6,1,'5',42099556,'1','3','11','2'),(201703,'MEJORAMIENTO EN PAVIMENTO FLEXIBLE DE LA VÍA QUE CONDUCE A LA VEREDA GUAYAQUIL EN EL MUNICIPIO DE GRANADA DEPARTAMENTO META',12,1,'6',80882602,'1','6','14','2'),(201704,'CONSTRUCCION DEL POLIDEPORTIVO UBICADO EN ELBARRIO EL DELIRIO EN EL MUNICIPIO DE VILLAVICENCIO',29,1,'5',1121850688,'3','4','3','2'),(201705,'	CONSTRUCCION DEL POLIDEPORTIVO UBICADO EN ELBARRIO EL SALITRE EN EL MUNICIPIO DE VILLAVICENCIO',29,1,'5',79790970,'3','4','3','2'),(201706,'CONSTRUCCIÓN DE LA AVENIDA COLOMBIA TRAMO COVISAN VENCEDORES EN EL MUNICIPIO DE VILLAVICENCIO META',29,1,'16',1121856246,'1','6','13','2'),(201707,'ADECUACION Y REMODELACION DE LA CASA DE LA CULTURA EN VILLAVICENCIO META',29,1,'16',1121856246,'1','1','1','2'),(201708,'CONSTRUCCION DEL CENTRO DE VIDA PARA LA ATENCION INTEGRAL DEL ADULTO MAYOR DEL MUNICIPIO DE MAPIRIPAN, META, ORINOQUIA',17,1,'6',86079518,'1','2','6','2'),(201709,'CONSTRUCCION DEL PUENTE SOBRE EL CAÑO EL DIAMANTE, EN LA VEREDA ALTO EL DIAMANTE MUNICIPIO URIBE, DEPARTAMENTO DEL META',15,1,'5',80882602,'11','6','8','2'),(201716,'MANTENIMIENTO DE VIAS TERCIARIAS EN EL MUNICIPIO DE CUBARRAL META',6,1,'5',1121856246,'10','6','14','3'),(201710,'MEJORAMIENTO Y ADECUACION DEL ESPACIO PUBLICO ZONA CENTRO Y ACCESO DEL MUNICIPIO DE CUMARAL - META',7,1,'5',40188939,'1','4','1','2'),(201712,'MEJORAMIENTO CON PAVIMENTO FLEXIBLE DE LA VIA QUE COMUNICA AL CENTRO POBLADO LA PLAYA CON LA ESCUELA DE LA VEREDA EL GUAPE Y LA VIA QUE DEL CRUCE LA MARIELA - GUAPE CONDUCE A LA ESCUELA DE LA VEREDA LA MARIELA EN EL MUNICIPIO DE GRANADA DEPARTAMENTO ',12,1,'5',86070629,'1','6','14','2'),(201713,'MEJORAMIENTO CON PAVIMENTO FLEXIBLE DE LA TROCHA 11 EN LA VEREDA GUANAYAS EN EL MUNICIPIO DE GRANADA DEPARTAMENTO DEL META',12,1,'5',86070629,'1','6','14','2'),(201714,'CONSTRUCCIÓN DEL PUENTE PEATONAL DE ACCESO A LA ESCUELA SAN JOSE DE PUERTO ALICIA PUERTO LOPEZ, META, ORINOQUIA ',22,1,'5',3277194,'1','6','8','2'),(201715,'MEJORAMIENTO DEL NIVEL DE SUBRASANTE DE LA VIA QUE CONDUCE A ALTAMIRA POR EL CRUCE TROPEZON AL SECTOR DE CANTACLARO DEL K0+000 AL K13+00',22,1,'8',3277194,'1','6','14','2'),(201685,'interventoria de la vía de la verredaa ',24,1,'3',53124411,'11','6','14','3'),(201717,'CONSTRUCCION DE ESPACIO PUBLICO PARA LOS ACCESOS DEL ESTADIO PLACIDO REINA EN EL BARRIO DOCE DE OCTUBRE DEL MUNICIPIO DE VILLAVICENCIO',29,1,'5',86079518,'10','1','1','2'),(201501,'CONSTRUCCIÓN PUENTE VEHICULAR SOBRE EL RIO ARIARI EN EL MUNICIPIO DE PUERTO LLERAS META, ORINOQUIA.',21,1,'3',1033709469,'11','6','8','2'),(201686,'CONSTRUCCIÓN DE CENTRO DE DESARROLLO INTEGRAL EN EL 13 DE MAYO EN VILLAVICENCIO',29,1,'5',86079518,'1','1','1','2'),(201502,'CONSTRUCCIÓN ELECTRIFICACIÓN RURAL DE LA VEREDA EL DARIÉN BAJO, SECTOR LA BODEGA MUNICIPIO DE PUERTO RICO, DEPARTAMENTO DEL META.',23,1,'17',40433146,'10','3','11','2'),(201503,'CONSTRUCCIÓN ELECTRIFICACIÓN RURAL VEREDAS EL EDÉN Y EL MIRADOR DEL MUNICIPIO DE LA URIBE DEPARTAMENTO DEL META.',15,1,'17',40433146,'10','3','11','2'),(201687,'CONSTRUCCION DE ESPACIO PUBLICO Y AREAS VERDES DEL PARQUE DE LA MEMORIA HISTORICA EN EL MUNICIPIO DE VILLAVICENCIO, DEPARTAMENTO DEL META',29,1,'3',40186544,'11','4','1','2'),(201504,'CONSTRUCCION CENTRO DE ATENCION Y REPARACION A VICTIMAS REGIONAL VILLAVICENCIO, META, ORINOQUIA',29,1,'3',40186544,'11','1','1','2'),(201505,'MEJORAMIENTO DE LA VILLA OLIMPICA MUNICIPIO DE GUAMAL, META',13,1,'3',40186544,'11','4','3','2');
/*!40000 ALTER TABLE `proyectos` ENABLE KEYS */;
UNLOCK TABLES;

--
-- Table structure for table `proyectosconmetas`
--

DROP TABLE IF EXISTS `proyectosconmetas`;
/*!40101 SET @saved_cs_client     = @@character_set_client */;
/*!40101 SET character_set_client = utf8 */;
CREATE TABLE `proyectosconmetas` (
  `cod_proyectoconmeta` int(11) NOT NULL,
  `cod_planConMeta` int(11) NOT NULL,
  `cod_ejeConMeta` int(11) NOT NULL,
  `cod_estrategiaConMeta` int(11) NOT NULL,
  `cod_programaConMeta` int(11) NOT NULL,
  `cod_subprogramaConMeta` int(11) NOT NULL,
  `cod_metaConMeta` int(11) NOT NULL,
  PRIMARY KEY (`cod_proyectoconmeta`)
) ENGINE=MyISAM DEFAULT CHARSET=latin1;
/*!40101 SET character_set_client = @saved_cs_client */;

--
-- Dumping data for table `proyectosconmetas`
--

LOCK TABLES `proyectosconmetas` WRITE;
/*!40000 ALTER TABLE `proyectosconmetas` DISABLE KEYS */;
INSERT INTO `proyectosconmetas` (`cod_proyectoconmeta`, `cod_planConMeta`, `cod_ejeConMeta`, `cod_estrategiaConMeta`, `cod_programaConMeta`, `cod_subprogramaConMeta`, `cod_metaConMeta`) VALUES (201703,6,8,8,5,1,2),(0,0,0,0,0,0,0),(201708,6,8,8,5,1,2),(201709,6,8,8,5,1,2),(201710,6,8,8,5,1,1),(201717,2,12,13,6,1,1);
/*!40000 ALTER TABLE `proyectosconmetas` ENABLE KEYS */;
UNLOCK TABLES;

--
-- Table structure for table `remitidos`
--

DROP TABLE IF EXISTS `remitidos`;
/*!40101 SET @saved_cs_client     = @@character_set_client */;
/*!40101 SET character_set_client = utf8 */;
CREATE TABLE `remitidos` (
  `cod_remitido` int(11) NOT NULL AUTO_INCREMENT,
  `remitido` varchar(100) NOT NULL,
  PRIMARY KEY (`cod_remitido`)
) ENGINE=MyISAM AUTO_INCREMENT=4 DEFAULT CHARSET=latin1;
/*!40101 SET character_set_client = @saved_cs_client */;

--
-- Dumping data for table `remitidos`
--

LOCK TABLES `remitidos` WRITE;
/*!40000 ALTER TABLE `remitidos` DISABLE KEYS */;
INSERT INTO `remitidos` (`cod_remitido`, `remitido`) VALUES (1,'Alcaldia'),(2,'Departamento'),(3,'Peticionario');
/*!40000 ALTER TABLE `remitidos` ENABLE KEYS */;
UNLOCK TABLES;

--
-- Table structure for table `sectordeinversion`
--

DROP TABLE IF EXISTS `sectordeinversion`;
/*!40101 SET @saved_cs_client     = @@character_set_client */;
/*!40101 SET character_set_client = utf8 */;
CREATE TABLE `sectordeinversion` (
  `cod_sectordeinversion` int(11) NOT NULL AUTO_INCREMENT,
  `sectordeinversion` varchar(50) NOT NULL,
  PRIMARY KEY (`cod_sectordeinversion`)
) ENGINE=MyISAM AUTO_INCREMENT=8 DEFAULT CHARSET=latin1;
/*!40101 SET character_set_client = @saved_cs_client */;

--
-- Dumping data for table `sectordeinversion`
--

LOCK TABLES `sectordeinversion` WRITE;
/*!40000 ALTER TABLE `sectordeinversion` DISABLE KEYS */;
INSERT INTO `sectordeinversion` (`cod_sectordeinversion`, `sectordeinversion`) VALUES (1,'Sin Sector'),(2,'Educacion'),(3,'Electrificacion'),(4,'Recreacion'),(5,'Salud'),(6,'Transporte'),(7,'Vivienda');
/*!40000 ALTER TABLE `sectordeinversion` ENABLE KEYS */;
UNLOCK TABLES;

--
-- Table structure for table `sectores`
--

DROP TABLE IF EXISTS `sectores`;
/*!40101 SET @saved_cs_client     = @@character_set_client */;
/*!40101 SET character_set_client = utf8 */;
CREATE TABLE `sectores` (
  `cod_sector` int(11) NOT NULL AUTO_INCREMENT,
  `sector` varchar(250) NOT NULL,
  PRIMARY KEY (`cod_sector`)
) ENGINE=MyISAM AUTO_INCREMENT=25 DEFAULT CHARSET=latin1;
/*!40101 SET character_set_client = @saved_cs_client */;

--
-- Dumping data for table `sectores`
--

LOCK TABLES `sectores` WRITE;
/*!40000 ALTER TABLE `sectores` DISABLE KEYS */;
INSERT INTO `sectores` (`cod_sector`, `sector`) VALUES (1,'Acueducto'),(2,'Alcantarillas'),(3,'Box Coulver'),(4,'Derecho de Peticion'),(5,'Educacion'),(6,'Electrificacion'),(7,'Estudios y Diseños'),(8,'Gas'),(9,'Gaviones'),(10,'Informativo'),(11,'Infraestructura'),(12,'No es Competencia'),(13,'Obras de Mitigacion'),(14,'Por Competencia'),(15,'Puentes'),(16,'Recreacion'),(17,'Vias de primer orden'),(18,'Vias de segundo orden'),(19,'Vias de tercer orden'),(20,'Vias urbanas'),(21,'Revision Tecnica'),(22,'Saneamiento basico'),(23,'Social'),(24,'Varios');
/*!40000 ALTER TABLE `sectores` ENABLE KEYS */;
UNLOCK TABLES;

--
-- Table structure for table `solicitudescomunidad`
--

DROP TABLE IF EXISTS `solicitudescomunidad`;
/*!40101 SET @saved_cs_client     = @@character_set_client */;
/*!40101 SET character_set_client = utf8 */;
CREATE TABLE `solicitudescomunidad` (
  `cod_radicado` int(11) NOT NULL,
  `fecha_solicitud` date NOT NULL,
  `cod_radicado_gobernacion` varchar(30) NOT NULL,
  `contestada` int(11) NOT NULL,
  `cod_municipio` int(11) NOT NULL,
  `asunto_solicitud` varchar(250) NOT NULL,
  `sector` varchar(50) NOT NULL,
  `remitido` varchar(100) NOT NULL,
  `nombrepeticionario` varchar(100) NOT NULL,
  `cargopeticionario` varchar(50) NOT NULL,
  `telefono` varchar(50) NOT NULL,
  `direccion` varchar(100) NOT NULL,
  `barrio` varchar(50) NOT NULL,
  `email` varchar(50) NOT NULL,
  `radicadorespuesta` varchar(50) NOT NULL,
  `entregarespuesta` varchar(50) NOT NULL,
  `observaciones` varchar(250) NOT NULL,
  PRIMARY KEY (`cod_radicado`)
) ENGINE=MyISAM DEFAULT CHARSET=latin1;
/*!40101 SET character_set_client = @saved_cs_client */;

--
-- Dumping data for table `solicitudescomunidad`
--

LOCK TABLES `solicitudescomunidad` WRITE;
/*!40000 ALTER TABLE `solicitudescomunidad` DISABLE KEYS */;
INSERT INTO `solicitudescomunidad` (`cod_radicado`, `fecha_solicitud`, `cod_radicado_gobernacion`, `contestada`, `cod_municipio`, `asunto_solicitud`, `sector`, `remitido`, `nombrepeticionario`, `cargopeticionario`, `telefono`, `direccion`, `barrio`, `email`, `radicadorespuesta`, `entregarespuesta`, `observaciones`) VALUES (2017136,'2017-01-16','',1,21,'entrega de informes semanales','10','3','Raul Bermudez Bermudez','Coordinador de Interventorías','','','','milena.castano@idm-meta.gov.co','N/A','vía e-mail','se entrega a milena castaño en físico y se envía el radicado por e-mail '),(201742,'2016-01-06','ID 358894',1,15,'solicita el mejoramiento del puente caño la reserva, construcción puente peatonal o mular en el caño la gorgona, carretera vía san carlos a la vereda el Diviso y construcción de 6 alcantarillas sobre esta vía.','15','2','Hernán Mondragón','Presidente JAC','3209164349','','Vereda San Carlos','unidosuribeangelyq@gmail.com','RAD-DTEP-0003-E','VIA E-MAIL',''),(201747,'2017-01-06','ID 358913',1,15,'solicita la colaboración con la aprobación del proyecto para implementación de infraestructura, vía y electrificación en la Vereda el Diamante','6','2','Jeber Brausin Salas','Presidente JAC','3228510127 - 3105479652','','Vereda El Diamante','unidosuribeangelyq@gmail.com','RAD-DTEP-0004-E','VIA E-MAIL',''),(201769,'2017-01-10','',1,21,'devolución informe mensual SISO, periodo del 23 de noviembre al 21 de diciembre de 2016','10','3','Kelly Arnold Pulido Puello','Director de Interventoría','','','','milena.castano@idm-meta.gov.co','N/A','vía e-mail','se envía por correo electrónico a milena castaño'),(201784,'2017-01-11','',1,21,'solicitan el arreglo o mantenimiento de la vía trocha la petrolera que consta de 8 Kms.','19','3','Humberto Gonzalez','Presidente JAC','3202725283 - 3115854721','Cr 34 No. 22 - 63 ','San Benito - Villavicencio','tarascon80@gmail.com','RAD-DTEP-0006-E','VIA E-MAIL','se envía al correo electrónico de una hija de un propietario de finca del sector que relacionaron en el oficio'),(2017101,'2017-01-12','ID 359371',1,29,'solicita apoyo con la remodelación de la cancha de futbol en el sector del barrio gaviotas camino ganadero, practicamente esta sobre un 50% y los gastos son mínimos','16','2','Jairo E. Rodriguez Bernal','Presidente JAC','3112869104','Cl 21s No. 9 - 59 ','Gaviotas Camino Ganadero','juntadeaccioncomunalgaviotas@gmail.com','RAD-DTEP-0007-E','VIA E-MAIL',''),(201727,'2017-01-04','ID 358579',1,29,'solicitan dotación de elementos deportivos (dos canchas da baloncesto, pintura y demarcación de las mismas) para los parques de remansos de rosablanca.','14','2','Onofre Cardenas Urrego','Presidente JAC','3203068517','Urbanización Remansos de Rosa Blanca Mz 6 Casa 23','Remansos de Rosa Blanca','remansosderosablanca2016@gmail.com','RAD-DTEP-002-E','vía e-mail','se le informa que la solicitud fue asignada también al IDERMETA y se le informa que debe comunicarse con ellos para saber el estado de su solicitud'),(2017138,'2017-01-16','ID 359782',1,29,'relaciona necesidades mas apremiantes del Barrio porvenir','24','2','Reiber John Feria Hernandez','Prresidente JAC','3138178766','Cr 25 27 - 27','El Porvenir','reiberjhon_feriahernandez@yahoo.com','RAD-DTEP-0008-E','VIA E-MAIL',''),(2017139,'2017-01-16','ID 359771',2,29,'solicita de manera urgente poner en desarrollo el proyecto de construcción de muro de contención en el caño grande en el sector denominado ','13','2','José Manuel Lozano','Presidente JAC','0386692873','Cr 54 22 - 22s','Playa Rica','','RAD-DTEP-0009-E','se envía con el mensajero de la oficina','se esta a la espera del radicado traído por jhoiimer '),(2017140,'2017-01-16','',1,21,'Suspensión trabajos en altura en obra','10','3','Kelly Arnold Pulido','Director de Interventoría','','','','milena.castano@idm-meta.gov.co','N/A','vía e-mail','se envía vía mail a milena castaño'),(2017135,'2017-01-16','',1,21,'entrega informe mensual 21 de obra de interventoría','10','3','Raul Bermudez Bermudez','Coordinador Interventoría','','','','milena.castano@idm-meta.gov.co','N/A','vía e-mail','se entrega en físico a milena castaño y se envía el radicado vía e-mail'),(2017120,'2017-01-13','',1,21,'Incumplimiento a requerimientos en aspectos de seguridad y slalud en el trabajo','10','3','Kelly Arnold Pulido','Director de Interventoría','','','','milena.castano@idm-meta.gov.co','N/A','vía e-mail','se envía vía e-mail a milena castaño'),(201764,'2017-01-10','ID 358969',1,30,'solicitan construcción de un box coulvert en el caño huibo, ya que el que había construido la comunidad con madera colapso','3','2','HECTOR SAUL MORA','Presidente JAC','3214808922','','Vereda el Palmar','','RAD-DTEP-0005-E','por edicto',''),(2017399,'2017-01-31','',1,24,'Solicitud de pavimentación de vías rurales','19','3','Carmen Rosa Ardila H','Presidente Jac','3133479393','Calle 9 No 5 - 81','Centro','rosardila@hotmail.com','RAD-DTEP 0037 – E','',''),(2017170,'2017-01-17','ID 360046',1,18,'solicitud incentivo producción agrícola, educación, adecuación hospital entre otros','24','2','Dorance Torres','Presidente ASTCAGROAM','','','','','RAD-DTEP-0011-E','edicto','sin datos de contacto, por tal motivo se contesta por edicto'),(2017198,'2017-01-19','',1,21,'seguimiento y trazabilidad a condiciones de salud de Jesús Lozada y Edgar Marulanda','10','3','Kelly Arnold Pulido','Director de Interventoría','','','','milena.castano@idm-meta.gov.co','N/A','via e-mail','se envía correo electronico a milena castaño'),(2017195,'2017-01-19','',1,21,'reiteración política de no consumo de alcohol, tabaco y drogas','10','3','Kelly Arnold Pulido','Director de Interventoría','','','','milena.castano@idm-meta.gov.co','N/A','vía e-mail','se envía por correo electrónico a milena castaño'),(2017196,'2017-01-19','',1,21,'accidente de trabajo señor walter carvajal','10','3','Kelly Arnold Puulido','Director de Interventoría','','','','milena.castano@idm-meta.gov.co','N/A','vía e-mail','se envía por e-mail a milena castaño'),(2017197,'2017-01-19','',1,21,'incumplimiento compromisos comites SISO','10','3','Kelly Arnold Pulido','Director de Interventoría','','','','milena.castano@idm-meta.gov.co','N/A','vía e-mail','se envía vía e-mail a milena castaño'),(2017205,'2017-01-19','',1,29,'solicitud adecuación y mejoras locativas en la cancha','16','3','Diego Campo Espitia','Presidente JAC','3115791225','cl 17 37e 29','Marsella','doe4190@hotmail.com','RAD-DTEP-0012-E','vía e-mail',''),(2017148,'2017-01-17','ID 359926',1,29,'solicitud colaboración maquinaria, debido al mal estado de las vías y el mal estado de un puente','14','2','Nohemy Medina Ortega','Presidente JAC','3138310385','','','','RAD-DTEP-0010-E','vía e-mail','se envía a la secretaría de gobierno departamental por competencia'),(20165061,'2016-11-01','',1,29,'APOYO Y COLABORACION EN LA APROPIACION DE UNOS RECURSOS EN EL PRESUPUESTO DE LA VIGENCIA DE 2017 PARA LA CONSTRUCCION DE OBRAS EN EL DIAMANTE DE BEISBOL JORGE GARCIA OROZCO UBICADO EN LA VILLA OLIMPICA DE VILLAVIECNCIO.','16','1','MARIA MELBA PENAGOS','Presidente JAC','3204072736','CALLE 27 16A 66','URBANIZACION CEDRITOS','argay2008@hotmail.com','RAD-DTEP-0377-E','VIA MAIL',''),(2017384,'2017-01-30','ID 361593',1,30,'mejoramiento de vias vereda alto las delicias municipio de vista hermosa ','19','2','Diego Andres Vargas Torres','Presidente JAC','3102720125','','','isa251994@hotmail.com','RAD-DTEP-0026-E','Vía E-mail',''),(20165909,'2016-12-14','ID 355761',1,22,'SOLICITUD COLABORACION CON REGALOS  PARA LOS NIÑOS DE LA VEREDA PUERTO PORFIA  DEL MUNICIPIO DE PUERTO LOPEZ .IGUALMENTE AYUDA DE OBRAS PARA LAS SEIS VEREDAS (PUERO PORFIA,GUCHIRASL,BRISAS DEL GUATIQUIA,EL TIGRE .PATAGONIAY PUERTO ENVIDIA)','10','3','','','3202450694','','','','EDICTO','','SE NOTIFICO POR EDICTO YA QUE LA PETICION NO TENIA DATOS COMPLETOS '),(5466,'2016-11-30','',1,7,'CONTINUACION POR UN KILOMETO MAS EN LA CONSTRUCCION DE LA FASE TRES DEL PROYECTO DEL DIQUE DE PROTECCION MARGEN DERECHA DEL RIO GUACAVIA .','1','3','JAIME ENRIQUE JULA MUÑOZ','PRESIDENTE JAC','3112445733','CARRERA 18D 5 No B05','BARRIO PRIMAVERA','AIMEJULA16@HOTMAIL.COM','RAD-DTEP 0413– E','POR EMAIL',''),(20165466,'2016-11-30','',1,7,'CONTINUACION POR UN KILOMETO MAS EN LA CONSTRUCCION DE LA FASE TRES DEL PROYECTO DEL DIQUE DE PROTECCION MARGEN DERECHA DEL RIO GUACAVIA .','1','3','JAIME ENRIQUE JULA MUÑOZ','PRESIDENTE JAC','3112445733','CARRERA 18D 5 No B05','BARRIO PRIMAVERA','AIMEJULA16@HOTMAIL.COM','RAD-DTEP 0413– E','POR EMAIL',''),(20165467,'2016-11-22','',1,30,'CONTRUCCION DE LA PLANTA FISICA DE LA ESCUELA ,TERMINACION ELECTRICA , MEJORAMIENTO DE LA VIA, PERFORACION DE POZO DE AGUA DELA ESCUELA.','10','3','IVAN NOLBERTO DELGADO','PRESIDENTE JAC','3132390139','','VEREDA  LA SIBERIA','','RAD-DTEP- 0433-E','POR EDICTO',''),(20165469,'2016-11-22','',1,30,'NECESIDADES PRIORITARIAS DE LA INSTITUCION EDUCATIVA ','1','3','ESMERALDA ISAIRIAS MORA ','RECTORA ','3115387366','','','CENTROEDUCATIVOGABRIELAMISTRAL@GMAIL.COM','RAD-DTEP 0407-E','POR EMAIL',''),(20165491,'2016-11-22','ID 35012',1,2,'SOLICITUD DE POLIDEPORTIVO DE LA ESCUELA EL PAÑUELO DEL MUNICIPIO DE ACACIAS ','10','3','MARIA ELENA RODRIGUEZ RAMIREZ','PRESIDENTE JAC','3103211774','FINCA LAS DELICIAS,VEREDA LOMA DEL PAÑUELO','VEREDA LOMA DEL PAÑUELO','JACLOMAPA@GMAIL.COM','RAD-DTEP 0419-E','POR EMAIL',''),(20165632,'2016-11-30','',1,16,'TRASLADO DE SOLICITUD DEL SEÑOR JOSE ALBERNIS LOPEZ Y LA SEÑORA SANDRA PATRICIA PEDRAZA.(INSTALACION DE REDUCTORES )','10','1','DIANA MARIA CUELLAR CASTRO','SECRETARIA DE PLANEACION','6591014','CARRERA 12 NO 6-35 ','','ALCLADIA@LEJANIAS-META.GOV','RAD-DTEP 0414– E','POR EMAIL',''),(20165645,'2016-11-30','',1,7,'CONTINUACION POR UN KILOMETO MAS EN LA CONSTRUCCION DE LA FASE TRES DEL PROYECTO DEL DIQUE DE PROTECCION MARGEN DERECHA DEL RIO GUACAVIA .','10','3','JOAQUIN GUZMAN','PRESIDENTE JAC','3143529456','','','','RAD-DTEP 0441– E','POR EDICTO',''),(20165698,'2016-12-02','',1,29,'INFORMACION INSUMOS ELABORACION PLAN VIAL MUNICIPAL','1','2','CARLOS JULIO ARIAS ','GERENTE DE PROYECTOS ','','','','','','NO REQUIERE','ES UN INFORME '),(20165709,'2016-12-02','',1,29,'REMISION DE CARTA DE INTENSION ESPECUALISTA  EN SALUD OCUPACIONAL.','1','2','DANIEL ARTURO SANCHEZ','REPRESENTANTE LEGAL DE LA ASOCIACION DE CONSTRUCTO','','','','','','','SE ENTREGO A MILENA CASTAÑO'),(20165755,'2016-12-07','ID 354802',1,6,'SOLICITUD DE APOYO PARA LA CREACION DE PUNTO TURISTICO EN EL MUNICIPIO DE CUBARRAL.','10','1','JENNY PAOLA VALENCIA GUZMAN','SECRETARIA DE GOBIERNO','6763123','CARRERA 9 NO 8-12','','alcaldia@cubarral-meta.gov.co','RAD-DTEP 0300 – E','POR EMAIL',''),(20165805,'2016-12-12','ID355095',1,24,'URGENTE OBRA DE MITIGACION PRESENTE PRESUPUESTO ESTIMADO DE ML DE GAVIOON CON H=4.50 MTS Y HACERLE LA RELACION DE SITIOS PARA MUROS QUE CONSIDERAN SE DEBEN DE MANERA INMEDIATA CONSTRUIR, VALOR TOTAL DE LA OBRA $644.000.000.00','1','1','CESAR AUGUSTO ROBAYO','ALCALDE','6550087','CALLE 1 SUR CON CARRERA 5A ','','alcaldia@restrepo.gov.co','RAD-DTEP 0415– E','POR EMAIL',''),(20165910,'2016-12-14','ID 355780',1,29,'RELACION DE NECESIDADES DE LOS HABITANTES DE PUERTO TRUJILLO-META.','10','3','CORONEL ARIEL FERNANDO DURAN URREA','SEGUNDO COMANDANTE Y JEFE ESTADO MAYOR DE LA SEPTI','3113089889','CALLE 5 SUR 24A-17','PUERTO TRUJILLO','FREDYGAR@EJERCITO.COM','RAD-DTEP 0410 – E','POR EMAIL',''),(20165934,'2016-12-05','',1,16,'TRASLADO DE SOLICITUD DE LA SEÑORA LUZ ENILSA DURAN ','1','1','DIANA MARIA CUELLAR CASTRO','SECRETARIO DE PLANEACION Y OBRAS PUBLICAS. ','6591014','CARRERA 12 NO 6-35 ','POBLADO CACAYAL','alcaldia@lejanias-meta.gov.co','RAD-DTEP 0425– E','POR EMAIL',''),(20165899,'2016-12-16','',1,2,'SOLICITUD CONSTRUCCION ANDENES CARRERA 19 - BARRIO MANCERA','10','3','JUAN ENRIQUE MORA ','PRESIDENTE JAC','3134561464','CALLE 17 A NO 16A-28','MANCERA','JUNTAMANCERA@GMAIL.COM','RAD-DTEP 0303 – E','POR EMAIL',''),(20166035,'0000-00-00','ID356648',1,23,'SOLICITUD ARREGLO DE VIA ','10','3','JOSE AMIN CAMELO CRUZ','PRESIDENTE JAC','3142180262','','','','RAD-DTEP 0448– E','POR EDICTO','SE LLAMO Y NO CONTESTO'),(20166231,'2016-12-29','ID 358009',1,4,'SOLICITUD DE APOYO CONTRUCCION CDI (CENTRO DE DESARROLLO INTEGRAL) PARA LOS NIÑOS Y NIÑAS DE CABUYARO META.','16','1','LUIS FELIPE PEÑEROS ROJAS ','ALCALDE','','CARRERA 8 No 7-117 BARRIO CENTRO','','contactenos@cabuyaro-meta.gov','RAD-DTEP 0305-E','POR EMAIL',''),(2016230,'2016-12-29','ID 357833 ',1,28,'PETICION PAVIMENTACION CALLES Y CONSTRUCCION POLIDEPORTIVO DEL PARQUE BARRIO LOS MOLINOS DEL MUNICIPIO DE SAN MARTIN ','10','3','JORGE HERNAN VALDERRAMA','PRESIDENTE JAC','3183502059','MZ ICASA  1','LOS MOLINOS ','','RAD-DTEP 0411– E','',''),(20166218,'2016-12-29','ID 357690',1,18,'SOLICITA COLABORACION EN EL MEJORAMIENTO DE LA VIA ENTRE PUNTO PUERTO PAISA Y LA ESCUELA DE LA VEREDA BAJO CUNCIA.','10','3','ELIECER LOPEZ HENAO','PRESIDENTE JAC','3227259312','CARRERA 34A No 17-36 BARRIO LA FLORIDA- VILALVICENCIO','VEREDA BAJO CUNCIA -MESETAS ','','','',''),(20166187,'2016-12-26','',1,29,'ANALISIS SOLICITUD ESTUDIO PARA LA CONSTRUCCION TUNEL ENTRE VILLAVICENCIO Y SAN JUANITO,CALVARIO,SAN FRANCISCO Y MONTFOR.','10','1','MANUEL EDUARDO HERRERA PABON','SECRETARIO DE PLANEACION  MUNICIPAL','6715823','CALLE 40 No 33-64 EDIFICIO ALCALDIA .PISO 6','','','RAD-DTEP 0406 – E','','FALTA LA ENTREGA '),(20165812,'2016-12-12','ID 355260',1,29,'SOLICITUD DE TECHO PARA EL POLIDEPORTIVO DEL BARRIO EL DELIRIO (COVISAN),SECTOR 4 ENTRE CALLES 43 Y 44 CON CARRERAS 17B Y 17.','16','3','LUZ DARY ROA ','COORDINADORA MEDIO AMBIENTE JAC','3103320717','CALLE 43 NO 19- 31B',' EL DELIRIO','','RAD-DTEP 0406 – E','',''),(20165783,'2016-12-07','',1,29,'SOLICITUD DE ACUEDUACION DEL PUENTE EN EL BARIO MESETAS ALTO,SECTOR LA SULTANA, SOBRE EL CAÑO CANSANCIO, EN LA CALLE 35 CON CARRERA 54 ,MUNICIPIO DE VILLAVICENCIO,DEPARTAMENTO DEL  META ','15','3','GILBERTO CORREA ','','3209517764','MZ  A CASA  6',' MESERAS ALTO','','RAD-DTEP 0301 – E','',''),(20165620,'2016-11-29','ID 35369',1,29,'DAR A CONOCER EL PROYECTO EM FASE UNO QUE RADICO EN LA SEDE DE INFRACTUTURA ,DONDE SOLICITAN LA CONSTRUCCION DE UN PUENTE  VEHICULAR PARA EL PASO DE CARRO LIVIANO ESTILO CAMPERO SOBRE LA QUEBRADA LLAMADA CAÑO PESCADO PARA DESEMBOTELLAR LA VEREDA DE C','10','3','MARIA LUZ GONZALEZ','EDIL VICEPRESIDENTE DE LA JUNTA ADMINISTRATIVA LOC','3144241409','CORREGIMIENTO #2 VEREDA SERVITA KILOMETRO 8 ANTIGUA VIA BOGOTA ','VEREDA CORNETAL ','','RAD-DTEP 0408 – E','',''),(20165073,'2016-11-01','',1,21,'CONDICIONES INSEGURAS EN TRABAJO EN ALTURAS, MARGEN DERECHO','10','1','KELLY ARNOLD PULIDO PUELLO','DIRECTOR DE INTERVENTORIA','','','','','NO REQUIERE ','','NO REQUIERE '),(20165074,'2016-11-01','',1,21,'OBLIGATORIEDAD COORDINADOR TRABAJO EN ALTURAS EN OBRA','10','3','KELLY ARNOLD PULIDO PUELLO','DIRECTOR DE INTERVENTORIA','','','','','NO REQUIERE','',''),(20165131,'2016-11-03','',1,1,'COLABORACION CON UN PAARQUE DE JUEGOS QUE QUEDARA EN LA ALAMEDA QUE DEJO LA CONSTRUCTORA','10','3','ELIZABETH CELIS CAZALLAS','','3107987079','','','elizabeth.celis@emsa-esp.com.co','NO REQUIERE','','NO REQUIERE '),(20165199,'2016-11-09','',1,29,'LA PRESENTE ES CON EL FIN DE ACLARAR EL CONTENIDO DE SU OFICIO RAD-DTEP-0377-E','16','3','MARIA MELBA PENAGOS','PRESIENTE JAC','3204072736','CL 27 14A 66','CEDRITOS','argay2008@hotmail.com','','',''),(20165200,'2016-11-09','ID 349874',1,29,'TRASLADO COMUNICACIÓN CON NUMERO DE RADICADO ANI No. 2016-409-092999-2 DEL 13 DE OCTUBRE DE 2016','10','3','LUIS EDUARDO GUTIERRES DIAZ','GERENTE DE PROYECTOS CARRETERO 2','(1) 4848860','CL 26 59 51','','','NO REQUIERE ','','SE ENVIA CON COPIA A LOS ALCALDES DE EL CALVARIO Y SAN JUANITO'),(20165228,'2016-11-10','',1,21,'CONTROL SOCIAL A RECURSOS DEL SISTEMA GENERAL DE REGALIAS. CONVOCATORIA FORO DE AUDITORIAS VISIBLES','10','3','LUIS HERIBERTO ORJUELA RODRIGUEZ','COORDINADOR REGIONAL','','','','','NO REQUIERE ','','NO REQUIERE '),(20165252,'2016-11-11','',1,20,'INFORMACION INSUMOS ELABORACION PLAN VIAL MUNICIPAL','10','1','JULIAN DIAZ MONROY','JEFE DE LA OFICINA ASESORA DE PLANEACION','','','','','NO REQUIERE','','NO REQUIERE'),(20165265,'2016-11-11','ID 350559',1,4,'SOLICITUD ARREGLO DE LA VIA ENTRE EL LIMONAR Y LA CONQUISTA UBICADO EN EL KM 5 VIA CASETABLA CABUYARO','10','3','JOSE VICENTE GUEVARA PARDO','REPRESENTANTE DE LOS COFUNDADORES DE LA REGION','3102210140 ','','','','RAD-DTEP 0450– E','POR EDICTO',''),(20165274,'2016-11-11','',1,14,'CUENTA DE COBRO Y ACTA DE INICIO PARA EL MENTENIIENTO DE VIAS TERCIARIAS EN EL MUNICIPIO DE LA MACARENA','10','1','CRISTIAN OLIMPO CARDENAS RAMOS','SECRETARIO DE OBRAS PUBLICAS','','','','','NO REQUIERE ','','NO REQUIERE '),(20165287,'2016-11-15','',1,29,'ELECCION E INSTALACION OFICIAL COMISION CONSULTIVA DEPARTAMENTAL DE COMUNIDADES NEGRAS Y AFROCOLOMBIANAS','10','3','JOSE ALBEIRO SERNA RESTREPO','','','','','','NO REQUIERE ','','NO TIENE DATOS DE CONTACTO'),(20165305,'2016-11-15','ID 350901',1,29,'SOLICITAN OPORTUNIDAD LABORAL PARA LA ASOCIACION DE CONSTRUCTORES DEL META','10','3','JULIO SALAZAR','REPRESENTANTE LEGAL DE LA ASOCIACION DE CONSTRUCTO','3122043086','MZ 54 CASA 10','TRECE DE MAYO','','NO REQUIERE ','','NO REQUIERE '),(20165332,'2016-11-16','',1,2,'CUMPLIMIENTO CONTRATO No. 307 DE 2009','10','3','CESAR AUGUSTO REY DUARTE','SECRETARIO DE INFRAESTRUCTURA','','','','','RAD-DTEP- 0429-E ','',''),(20165283,'2016-11-15','ID 350813',1,30,'PAVIMENTACION VIA PIÑALITO VISTAHERMOSA','10','2','LUIS EDUARDO GUTIERRES DIAZ','GERENTE AGENCIA NACIONAL DE INFRAESTRUCTURA','(1) 4848860','CL 26 59 51','','','RAD-DTEP 0388-E','','FALTA ENVIAR'),(20165338,'2016-11-16','',1,6,'SOLICITUD DE BACHEO Y DEMARCACION DE VIA','10','1','YERLY YURLENY OSORIO GOMEZ','SECRETARIO DE PLANEACION','3103023868','','','secplaneacion@cubarral-meta.gov.co','RAD-DTEP-0382-E','POR EMAIL',''),(20165347,'2016-11-17','',1,1,'SOLICITUD DE REVISION TECNICA','11','1','INGRIHT XISLEY ACOSTA CARVAJAL','ALCALDE','3103022873','','','alcaldia@cubarrral-meta.gov.co','RAD-DTEP-0395-E','POR EMAIL','Proyecto 2016-74'),(20165350,'2016-11-17','',1,1,'PROYECTO DE ALUMBRADO NAVIDEÑO EN EL MUNICIPIO DE SAN MARTIN','10','1','GINNA PAOLA LEON VANEGAS','SECRETARIA DE DESPACHO','3115922670','CR 5 4 75','','controlinterno@sanmartin-meta.gov.co','NO REQUIERE','','SE ENTREGO A ALEJANDRA DUQUE EL ORIGINAL'),(20165363,'2016-11-17','ID 351375',1,29,'SOLICITUD APOYO PARA MANTENIMIENTO DEL POLIDEPORTIVO DE LA URBANIZACION CASTILLA','16','3','MARIA DEL CARMEN ARIZA HERNANDEZ','PRESIDENTE JAC','','','URBANIZACION CASTILLA','CLAVEDISON@GMAIL.COM','RAD-DTEP-0383-E','',''),(20165364,'2016-11-17','ID 351162',1,1,'SOLICITUD DE INFORMACION RESPECTO A LA VIA MUNICIPAL ENTRE LOS MUNICIPIOS DE CABUYARO Y BARRANCA DE UPIA DEPARTAMENTO DEL META','10','1','LUIS FERNANDO MEJIA GOMEZ','DIRECTOR PARA LA COORDINACION  DE INFRAESTRUCTURA ','(1) 5629300','CL 7 6 54','','','','','SE ASIGNO A WILDER PARA SU RESPECTIVA RESPUESTA  '),(20165365,'2016-11-17','ID 351117',1,18,'SOLICITUD ARREGLO DE VIAS CRUCE PUERTO NARIÑO','10','1','ANA MARIA GARZON RODRIGUEZ','CONCEJAL','(8) 6598028','CR 17 4 71','CENTRO','concejo@mesetas-meta.gov.co','RAD-DTEP-0384-E','POR EMAIL',''),(20165406,'2016-11-21','',1,2,'SOLICITUD DE POLIDEPORTIVO DE LA ESCUELA EL PAÑUELO','16','3','MARIA ELENA RODRIGUEZ RAMIREZ','PRESIDENTE JAC','3103211774','','VEREDA LOMA DEL PAÑUELO','jaclomapa@gmail.com','RAD-DTEP-0385-E','POR EMAIL',''),(20165430,'2016-11-21','ID 351711',1,29,'SOLICITUD MEJORAMIENTO DE ZONAS DE RECREACION Y DEPORTE (PARQUES) E IPS RECREO','16','3','LUZ MARINA RODRIGUEZ AVILA','PRESIDENTE JAC','3203411309','CALLE 30A No. 11 -34','EL RECREO','angicaro93@hotmail.com','RAD-DTEP 0400-E','POR EMAIL',''),(20165432,'2016-11-21','ID 351601',1,15,'ALLEGAR COPIAS DE OFICIOS REMITIDOS  AL DOCTOR JAIME PACHECO GARCIA ,ALCLADE DEL MUNICPIO DE LA URIBE META ,DEVOLUCION RAD.MINISTERIO DE TRANSPORTE 20163210640252','1','3','ESPERNZA LEDEZMA LLOREDA ','COORDINADORA GRUPO APOYO REGIONES MINTRANSPORTE','32480800','','','QUEJASYRECLAMOS @MINTRASPORTE.GOV.CO','NO REQUIERE','POR EMAIL','ESTE DOCUMENTO ES UNA COPIA A LA DOC MARCELA SU CONTENIDO ES PARA EL ALCALDE DE LA URIBE'),(20165434,'2016-11-21','ID 351424',1,21,'SOLICITAN SEAN TENIDOS EN CUENTA EN EL PRESUPUESTO DEL 2017, PARA EL PROYECTO DE ELECTRIFICACION DE LA VEREDA CAMPO ALEGRE MUNICIPIO DE PUERTO LLERAS','6','3','SILVINO LEON ALONZO','PRRESIDENTE JAC','3212600176','','VEREDA CAMPO ALEGRE','','RAD-DTEP 0401-E','','SE ENVIA AL COREO DEL SECRETARIO DE PLANEACION YA QUE EL PETICIONARIO NO TIENE DIRECCION'),(20165452,'2016-11-22','',1,21,'ENTREGA INFORMES SEMANA DE LA 87 A LA 91','10','3','RAUL BERMUDEZ BERMUDEZ','COORDINADR DE INTERVENTORIA CONSORCIO','3222240376','CALLE 20 NO 40-77 B.CAMOA-VILLAVICENCIO','','consorciometa.ariari@gmail.com','NO REQUIERE','','SE ASIGNO A MILENA CASTAÑO'),(20165453,'2016-11-22','',1,1,'ENTREGA DE PROYECTO \"CONSTRUCCION DE CANAL EN CONCRETO REFORZADO EN EL CENTRO POBLADO DE MEDELLIN DEL ARIARI','10','1','ELIECER URREA MORENO','ALCALDE','3123044831','CARRERA 8 NO 09-38','','ALCALDIA@ELCASTILLO-META.GOV.CO','NO REQUIERE','','FUERON SOLICITUDES ENTREGADAS A LA GOBERNADORA EN LAS CORRERIAS DURANTE EL TRANSCURSO DEL AÑO, POR TAL MOTIVO NO SE CONTESTA.'),(20165454,'2016-11-22','',1,12,'SOLICITUD INFRAESTRUCTURA POLIDEPORTIVO CON ENCERRAMIENTO Y CANCHA BARRIO FUNDADORES ','16','3','ROCIO SILVA','PRESIDENTE JAC','3118832723','CARRERA 03 NO 8-17','FUNDADORES','ROCIOESPERANZASC@HOTMAIL.COM','NO REQUIERE ','','FUERON SOLICITUDES ENTREGADAS A LA GOBERNADORA EN LAS CORRERIAS DURANTE EL TRANSCURSO DEL AÑO, POR TAL MOTIVO NO SE CONTESTA.'),(20165455,'2016-11-22','',1,12,'AGRADECIMIENTO PROYECTO DE INVERSION','1','1','MARTHA FRANCO','PRESIDENTE JAC','','CARRERA 12CALLE 18-20','ANTONIO RICAUTE','','','','FUERON SOLICITUDES ENTREGADAS A LA GOBERNADORA EN LAS CORRERIAS DURANTE EL TRANSCURSO DEL AÑO, POR TAL MOTIVO NO SE CONTESTA.'),(20165460,'2016-11-22','',1,12,'VISITA TECNICA AL PUENTE CONSTRUIDO SOBRE EL CAÑO TAPAROS EN LA VIA Y PROTEGER EL ACUEDUCTO','1','3','ARGEMIRO JARAMILLO MARTINEZ','LIDER ','3144180050','','VEREDA MUCUYA','','','','FUERON SOLICITUDES ENTREGADAS A LA GOBERNADORA EN LAS CORRERIAS DURANTE EL TRANSCURSO DEL AÑO, POR TAL MOTIVO NO SE CONTESTA.'),(20165462,'2016-11-22','',1,12,'CONSTRUCCION DEL PUENTE HURICHARE TROCHA 09','10','3','NURY PAOLA CRUZ','','3125945720','','','','NO REQUIERE ','','FUERON SOLICITUDES ENTREGADAS A LA GOBERNADORA EN LAS CORRERIAS DURANTE EL TRANSCURSO DEL AÑO, POR TAL MOTIVO NO SE CONTESTA.'),(20165463,'2016-11-22','',1,12,'APOYO A INFRACTUCTURA ','10','3','GUILLERMO MUÑOZ','PRESIDENTE JAC','3115719911','','ALFONSO MONTOYA PAVA','','','','FUERON SOLICITUDES ENTREGADAS A LA GOBERNADORA EN LAS CORRERIAS DURANTE EL TRANSCURSO DEL AÑO, POR TAL MOTIVO NO SE CONTESTA.'),(20165464,'2016-11-22','',1,12,'SOLICITUD DE CONSTRUCCION DE OBRAS DE INFRAESTRUCTURA ','10','3','RICARDO MONTAÑEZ','PRESIDENTE JAC','3144043352','','VEREDA EL GUAPE','','','','FUERON SOLICITUDES ENTREGADAS A LA GOBERNADORA EN LAS CORRERIAS DURANTE EL TRANSCURSO DEL AÑO, POR TAL MOTIVO NO SE CONTESTA.G'),(20165470,'2016-11-22','',1,12,'SOLICITUD DE CANALIZACION CAÑOS:MUCUYA,MUCUYITA,TAPARO,VENAO Y SECO Y EL RIO CUBILLERA EN EL SECTOR DEL CRUCERO Y LA TRAMPA EN GRANADA','10','1','RUBEN DARIO POVEDA GOMEZ','CONSEJAL MUNICIPAL','3123501730','','','','','','FUERON SOLICITUDES ENTREGADAS A LA GOBERNADORA EN LAS CORRERIAS DURANTE EL TRANSCURSO DEL AÑO, POR TAL MOTIVO NO SE CONTESTA.'),(20165471,'2016-11-22','',1,12,'SOLICITUD ENCIERRO DE CANCHA DE FUTBOL','10','1','JULIO CESAR CUBIDES','PRESIDENTE JAC','','','VEREDA LA PALMILLA','','','','FUERON SOLICITUDES ENTREGADAS A LA GOBERNADORA EN LAS CORRERIAS DURANTE EL TRANSCURSO DEL AÑO, POR TAL MOTIVO NO SE CONTESTA.'),(20165472,'2016-11-22','',1,12,'SOLICITUD TERMINACION PAVIMIENTACION EN CRUDO DE CASTILLA ','10','3','JULIO CESAR CUBIDES','PRESIDENTE JAC','','','VEREDA LA PALMILLA','','','','FUERON SOLICITUDES ENTREGADAS A LA GOBERNADORA EN LAS CORRERIAS DURANTE EL TRANSCURSO DEL AÑO, POR TAL MOTIVO NO SE CONTESTA.'),(20165473,'2016-11-22','',1,12,'SOLICITUD DE ENCIERRO ESCUELA DE LAS PALMILLAG','10','3','JULIO CESAR CUBIDES','PRESIDENTE JAC','','','VEREDA LA PALMILLA','','','','FUERON SOLICITUDES ENTREGADAS A LA GOBERNADORA EN LAS CORRERIAS DURANTE EL TRANSCURSO DEL AÑO, POR TAL MOTIVO NO SE CONTESTA.'),(20165474,'2016-11-22','',1,11,'SOLICITUD  VARIOS APORTE PARA OBRAS','10','3','LUZ MIDIA PULIDO','PRESIDENTE JAC','3123371164','','VEREDA CAÑO BLANCO','','','','FUERON SOLICITUDES ENTREGADAS A LA GOBERNADORA EN LAS CORRERIAS DURANTE EL TRANSCURSO DEL AÑO, POR TAL MOTIVO NO SE CONTESTA.'),(20165475,'2016-11-22','',1,12,'SOLICITUD CANALIZACION CAÑOS QUE RODEAN AL CENTRO PROBLADO.','1','3','ARGENIS PENAGOS PINTO','PRESIDENTE JAC','','','VEREDA AGUAS CLARAS ','','','','FUERON SOLICITUDES ENTREGADAS A LA GOBERNADORA EN LAS CORRERIAS DURANTE EL TRANSCURSO DEL AÑO, POR TAL MOTIVO NO SE CONTESTA.'),(20165476,'2016-11-22','',1,12,'SOLICITAR PETROLIZADA EN CRUDO DE CASTILLA DE LAS DOS VIAS PRINCIPALES DE LA VEREDA.','10','3','MARIA ERNESTINA BASABE ','PRESIDENTE JAC','3118422939','','VEREDA AGUAS CLARAS RURAL','LEYARPRIL@HOTMAIL.COM','','','FUERON SOLICITUDES ENTREGADAS A LA GOBERNADORA EN LAS CORRERIAS DURANTE EL TRANSCURSO DEL AÑO, POR TAL MOTIVO NO SE CONTESTA.'),(20165477,'2016-11-22','',1,12,'SOLICITUD DE PUENTE ','15','3','CLEOTILDE AMBRANO','PRESIDENTE JAC','3144180050','CALLE 15 NO 10-56',' CAMILO TORRES','','','','FUERON SOLICITUDES ENTREGADAS A LA GOBERNADORA EN LAS CORRERIAS DURANTE EL TRANSCURSO DEL AÑO, POR TAL MOTIVO NO SE CONTESTA.'),(20165478,'2016-11-22','',1,1,'CONSTRUCCION DE DOS VOXCOULDER DOBLES DE LA VEREDA Y A CANALIZAR CAÑOS ','10','3','JOSE OMAR OVIEDO','PRESIDENTE JAC','','','VEREDA BRISAS ','','','','FUERON SOLICITUDES ENTREGADAS A LA GOBERNADORA EN LAS CORRERIAS DURANTE EL TRANSCURSO DEL AÑO, POR TAL MOTIVO NO SE CONTESTA.'),(20165479,'2016-11-22','',1,12,' SOLICITUD ARREGLO VIA CON DEFINICION DE CUNETAS Y DRAGADO DE CAÑOS EN ALCANTARILLAS VIA PRINCIPAL VEREDA CAÑO ROJO JURIDICION MUNICIPIO DE GRANADA -META;PUNTO DE PARTIDA VIA TRONCAL KO-000 CRUCE VIA SAN JUAN DE ARAMA FRENTE AL BARRIO EL AMAPARO CON ','10','3','FLOR DE MARIA RODRIGUEZ  ','PRESIDENTE JAC','3112533595','CARRER 13 No 21-48','VEREDA CAÑO ROJO','','','','FUERON SOLICITUDES ENTREGADAS A LA GOBERNADORA EN LAS CORRERIAS DURANTE EL TRANSCURSO DEL AÑO, POR TAL MOTIVO NO SE CONTESTA.'),(20165482,'2016-11-22','',1,12,'SOLICITUD  VARIOS APORTE PARA OBRAS','10','3','','PRESIDENTE JAC','','','','','','','FUERON SOLICITUDES ENTREGADAS A LA GOBERNADORA EN LAS CORRERIAS DURANTE EL TRANSCURSO DEL AÑO, POR TAL MOTIVO NO SE CONTESTA.'),(20165483,'2016-11-22','',1,2,'MEJORAMIENTO DE LA PLANTA FISICA DE NUESTRA SEDE.','10','3','JOHAN ABELLO ORJUELA ','DOCENTE ','3124522171','ESCUELA RURAL GUAMAL SEDE OROTOY','','ABELLO.J@HOTMAIL.COM','','','FUERON SOLICITUDES ENTREGADAS A LA GOBERNADORA EN LAS CORRERIAS DURANTE EL TRANSCURSO DEL AÑO, POR TAL MOTIVO NO SE CONTESTA.'),(20165484,'2016-11-22','',1,12,'RECURSOS DE POLIDEPORTIVO VILLA DE GRANADA CUARTA ETAPA,GRANADA META ','10','3','WILMAR RUIZ ','PRESIDENTE JAC','','',' VILLA GRANADA CUARTA ETAPA','','','','FUERON SOLICITUDES ENTREGADAS A LA GOBERNADORA EN LAS CORRERIAS DURANTE EL TRANSCURSO DEL AÑO, POR TAL MOTIVO NO SE CONTESTA.'),(20165485,'2016-11-22','',1,12,'SOLICITA POLIDEPORTIVO PARA EL BARRIO ','10','3','','PRESIDENTE JAC','','',' BULEVAR ETAPA 2','','','','FUERON SOLICITUDES ENTREGADAS A LA GOBERNADORA EN LAS CORRERIAS DURANTE EL TRANSCURSO DEL AÑO, POR TAL MOTIVO NO SE CONTESTA.'),(20165486,'2016-11-22','',1,12,'SOLICITUD  VARIOS APORTE PARA OBRAS','10','3','DAVID PAREJA ROSAS','PRESIDENTE JAC','3208080020','CALLE 19 NO 6-30',' NUEVA GRANADA','JUNTANUEVAGRANADA2016@GMAIL.CO','','','FUERON SOLICITUDES ENTREGADAS A LA GOBERNADORA EN LAS CORRERIAS DURANTE EL TRANSCURSO DEL AÑO, POR TAL MOTIVO NO SE CONTESTA.'),(20165487,'2016-11-22','',1,29,'RECURSOS MEJORAMIENTO INFRAESTRUCTURA TRASMISORES EMISARA ','10','3','LUIS EMILIO RODRIGUEZ DUARTE','SECRETARIA DE PRENSA ','','','','','','','FUERON SOLICITUDES ENTREGADAS A LA GOBERNADORA EN LAS CORRERIAS DURANTE EL TRANSCURSO DEL AÑO, POR TAL MOTIVO NO SE CONTESTA.'),(20165529,'2016-11-23','ID 352639',1,2,'SOLICITUD CAMBIO DE TUBERIA GRES POR PVC Y PAVIMENTACION CONCRETO RIGIDO BARRIO ALTOS DE COVICOM DEL MUNICIPIO DE ACACIAS','10','3','DORA EMILCE MORENO ORTIZ','PRESIDENTE JAC','3134210415','CASA 11 MZ F','ALTOS DE COVICOM','','RAD-DTEP 0399-E','se envia por 7-24',''),(20165599,'2016-11-29','',1,7,'SOLICITUDES VARIAS','4','3','LUIS EDUARDO PEÑA BEJARANO','PRESIDENTE JAC','3115116787 - 3152357679','Carrera 31 No.  59 -  27','SAN JUAQUIN','','RAD-DTEP 0398-E','SE ENVIA POR 7-24',''),(20165626,'2016-11-30','',1,1,'DEVOLUCION DE INFORME  MENSUAL SISO','10','3','KELLY ARNOLD PULIDO PUELLO','DIRECTORA DEPARTEMENTO ADMINISTRATIVO DE PLANEACIO','','','','','NO SE REQUIERE','',''),(20165749,'2016-11-30','ID 353779',1,1,'MECANISMO CONSTITUCIONAL DE CONSTITUCION EN RENUNCIA PARA LA PROCEDENCIA DE UNA ACCION DE CUMPLIMIENTO.','10','3','JOSE MARIA DOMINGUEZ ROJAS','DIRECTIVO JAC','3208321377','MZ I CASA 12 ','CUIDAD SALITRE ','','','','SE ENTREGO A MILENA CASTAÑO'),(20165806,'2016-12-12','',1,1,'REMISICION ACTA DE INICIO Y PLANILLA DE SEGURIDAD SOCIAL','10','3','DANIEL MARTINEZ ','JURIDICA','','CARRERA 44 NO 64. SUR','EAPSA','CONTACTO@EAPSA.COM','NO REQUIERE ','','NO REQUIERE '),(20165856,'2016-12-13','',1,19,'ENTREGA DE INFORMACION  CONFORMACION PLAN ELECTRICO DEPARTAMENTAL','10','1','LILIANA PATRICIA MORA TORREZ','SECRETARIA DESARROLLO Y PROYECCION MUNICIPAL','','CARRERA 3 NO 12-39','','SPLANEACION@PUERTOCONCORDIA-META.GOV.CO','','',''),(20166020,'2016-12-20','',1,29,'PAVIMENTACION DEL BARRIO VILLA MILENA ','10','3','BIANEY PARRA RUBIO','','3144558901','CALLE 28 SUR NO 46A-15','','bparra@unillanos.edu.co, biameypar-611@yahoo.com','RAD-DTEP 0412– E','',''),(20166080,'2016-12-21','',1,1,'DESIGNACION DE UN PROFESIONAL PARA CONFORMAR EL COMITÉ ESPECIAL INTERINSTITUCIONAL PARA EL ORDENAMIENTO TERRITORIAL DEPARTAMENTAL.','10','3','CLARA EUNICE POVEDA ROA','DIRECTORA DEPARTEMENTO ADMINISTRATIVO DE PLANEACIO','','','','planeacion@meta.gov.co','NO REQUIERE','','NO REQUIERE'),(20166118,'2016-12-23','',1,29,'SOLICITUD DE PROYECTO DE PLAN DE DESARROLLO EN CONJUNTO CON LA UNIVERSIDAD NACIONAL DE COLOMBIA ','10','3','JHON JAIRO BLANDON VALENCIA ','DIRECTOR CENTRO DE DESARROLLO E INNOVACCION U.NACI','4255009','','','cdiminas-MED@UNAL.EDU.CO','NO REQUIERE','','NO REQUIERE'),(20166122,'2016-12-23','',1,18,'EXPONE LA PROBLEMÁTICA QUE OCURRE Y QUE DE MODO GRADUAL SE ESTAN ACRECENTANDO COMO SON LAS VIAS TERCIARIAS. ','10','3','PEDRO ZAMBRANO','PRESIDENTE JAC','3202444091','','VEREDA LA FLORESTA ','','NO REQUIERE','',''),(20166124,'2016-12-23','ID 356734',1,6,'SOLICITUD DE APOYO PARA RECUPERACION DE BANCADA/PUERTO GOMEZ MUNICIPIO DE CUBARRAL.','10','3','NANCY RODRIGUEZ','PRESIDENTE JAC','3203877667','CALLE 09 NO 3-12','VEREDA ARRAYANES ','MAGDALENARANGO.DIAZ@OUTLOOK.ES','RAD-DTEP 0304 – E','POR EMAIL',''),(20166197,'2016-12-28','',1,1,'radicacion solicitud adicional obra. CONSTRUCCION PUENTE VEHICULAR SOBR EL RIO ARIARIDEL MUNICIPIO DE PUERTO LLERAS META.','10','3','DANIEL ARTURO SANCHEZ','INTERVENTORIA CONSORCIO META ','3193483405','CALLE 20 NO 40-77 B.CAMOA-VILLAVICENCIO','','consorciometa.ariari@gmail.com','','','SE ENTREGO A MILENA CASTAÑO'),(20166211,'2016-12-28','',1,14,'MEJORAMIENTO Y AMPLIACION DE LA PLATAFORMA DE LA PISTA DEL MUNICIPIO DE LA MACARENA EN EL DEPARTAMENTO DEL META.','10','3','CRISTIAN OLIMPO CARDENAS RAMOS','SECRETARIO DE OBRAS PUBLICAS','(98)5603209','','','alcaldia@lamacarena-meta.gov.co','','','SE ASIGNO  EL PROYECTO AL SUPERVISOR BREINER  P-2016-84.SOLICITUD DE RESPUESTA  '),(20164627,'2016-10-03','ID 345753',1,23,'PROPUESTA SOLICITUD DE APOYO Y CONSTRUCCION DE ALCANTARILLAS EN LA CARRETERA QUE CONDUCE DE PUERTO OLIVO AL SECTOR CAFRE DEL CORREGIMIENTO BARRANCO COLORADO AL RIO CAFRE','2','3','JOSE UIRIO PACHON PAEZ','PRESIDENTE JAC','3204127716','','VEREDA LA PRIMAVERA','joseuirio.pachon@hotmail.com','RAD-DTEP-0359-E','POR EMAIL',''),(20164648,'2016-10-04','',1,30,'SOLICITAN MEJORAMIENTO DE LA VIA QUE CONDUCE DESDE LA CENTRAL HASTA EL PUERTO DE LA VEREDA PUERTO ESPERANZA, CONSTRUCCION DE DOS ALCANTARILLAS, MEJORAMIENTO DE VIVIENDA RURAL, CONSTRUCCION DE UN KILOMETRO DE GAVIONES PARA EVITAR QUE EL RIO CONTINUE L','2','3','BLANCA AYYDEE HERNANDEZ PORTELA','PRESIDENTE JAC','3107830346','','PUERTO ESPERANZA','secretariadeplaneacion@vistahermosa-meta.gov.co','RAD-DTEP-0360-E','POR EMAIL',''),(20164650,'2016-10-04','ID 345815',1,30,'PRESENTA COTIZACION MANO DE OBRA PARA TRABAJOS A REALIZAR CONSTRUCCION DE LA PARROQUIA DE PIÑALITO, TRABAJOS QUE SERAN EJECUTADOS DE ACUERDO AL DISEÑO ACORDADO POR EL ARQUITECTO','2','3','MARTIN CASTAÑEDA','','3146884021','','','martinconstrucciones05@hotmail.com','RAD-DTEP-0362-E','POR EMAIL',''),(20,'2016-10-06','ID 346232',1,1,'SOLICITUD PARA PLANCHON MUNICIPIOS SAN MARTIN - MAPIRIPAN ALLEGA COTIZACION','2','3','RODRIGO LANDINES PARDO|','PRESIDENTE JAC','3153349233','','BRISAS DEL MANACACIAS','agro_silos@hotmail.com','RAD-DTEP-0364-E','POR EMAIL',''),(20164696,'2016-10-06','ID 346119',1,21,'SOLICITUD DE LUZ ELECTRICA, ELABORACION CASETA COMUNAL Y PUENTE CAÑO RAYADO','6','3','VICTOR MANUEL VANEGAS ROJAS','','3142647473','CALLE 43 32 - 28','EL TRIUNFO','samyapi@hotmail.es','RAD-DTEP-0365-E','POR EMAIL',''),(20164710,'2016-10-06','ID 346346',1,26,'SOLICITA COLABORACION CON LA SOLUCION URGENTE DE ALGUNOS PROBLEMAS Y NECESIDADES DE LA VEREDA PALOMAS DEL MUNICIPIO DE SAN JUAN DE ARAMA','10','3','JOSE HIPOLITO CASTILLO','PRESIDENTE JAC','3202705168','TRANSVERSAL 22 12 57','','veredapalomas@gmail.com','RAD-DTEP-0366-E','POR EMAIL',''),(20164712,'2016-10-06','ID 346346',1,26,'SOLICITA COLABORACION CON LA SOLUCION URGENTE DE ALGUNOS PROBLEMAS Y NECESIDADES DE LA VEREDA PALOMAS DEL MUNICIPIO DE SAN JUAN DE ARAMA','10','3','JOSE HIPOLITO CASTILLO','PRESIDENTE JAC','3202705168','TRANSVERSAL 22 12 - 57','DOÑA LUZ','veredapalomas@gmail.com','RAD-DTEP-0366-E','POR EMAIL',''),(20164743,'2016-10-10','ID 346628',1,2,'CONSULTA DE INFORMACION, PROYECTOS ADELANTADOS O EN PROCESO EN AREA UBICADA EN LOS BOSQUES DE LOS GUAYAPES - ACACIAS - META','10','3','BELTSY GIOVANNA BARRRERA MURILLO','DIRECTORA GENERAL','(8) 6730420','CARRERA 35 25 57','SAN BENITO','info@cormacarena.gov.co','RAD-DTEP-0375-E','POR EMAIL',''),(20164763,'2016-10-11','',1,13,'SOLICITUD RECURSOS DE INVERSION','10','3','CRISTOBAL ENRIQUE LOZANO CAICEDO','ALCALDE','','','','','RAD-DTEP-0391-E','',''),(20164806,'2016-10-12','',1,14,'PROYECCION ASOCOMNAL LA MACARENA DE INVERSION RRURAL DE VIAS Y PROYECTOS PRODUCTIVOS PARA LA CONSTRUCCION DE PAZ','10','3','DELIO FRANCO JOJOA','PRESIDENTE ASOCOMUNAL','','','','delio1966@hotmail.com','RAD-DTEP-0393-E','POR EMAIL',''),(20164893,'2016-10-19','ID 347618',1,29,'SOLICITAN COLABORACION PARA EL SECTOR CUATRO DEL BARRIO LA RELIQUIA, CON LA CONSTRUCCION DE UN BOX CULVER, TENIENDO EN CUENTA QUE EL MATERIAL PARA LA CONSTRUCCION SE ENCUENTRA AL SOL Y AL AGUA','2','3','MARIA LILIA BRAVO RENGIFO','PRESIDENTE JAC','3213025643','MZ 99 CASA 25','LA RELIQUIA','herreraclaraines96@hotmail.com','RAD-DTEP-0371-E','POR EMAIL',''),(20164894,'2016-10-19','ID 347620',1,1,'SOLICITAN COLABORACION CON PROGRAMAS DE RECREACION PARA NIÑOS, JOVENES Y ADULTOS, DE IGUAL UNA AYUDA PARA EL MEJORAMIENTO DE LA CANCHA DE FUTBOL DEL BARRIO LA RELIQUIA.','10','3','MARIA LILIA BRAVO RENGIFO','PRESIDENTE JAC','3213025643','MZ 99 CASA 25','LA RELIQUIA','herreraclaraines96@hotmail.com','RAD-DTEP-0371-E','POR EMAIL',''),(20164917,'2016-10-20','ID 347880',1,29,'SOLICITAN SE AVALE LA CONSTRUCCION DE UN POLIDEPORTIVO CUBIERTO, CON TARIMA Y VESTIERES, ILUMINACION, GRADERIAS CUBIERTAS Y ENCERRAMIENTO TOTAL.','16','3','JOSE CRISANTO SACRISTAN','PRESIDENTE JAC','3133763671','CALLE 12 31 65','NUTIVARA','comunalnutivaracacias@gmail.com','RAD-DTEP-0372-E','',''),(20164947,'2016-10-24','ID 348016',1,20,'SOLICITA APOYO PARA LA GESTION DE LA ELECTRIFICACION','6','3','FERNEY AGUILAR','PRESIDENTE ASOCIACION CAMPESINA','3172130423','CARRERA 8 7 22','ASOCARIMAGUA','sanferne2010@hotmail.com','RAD-DTEP-0373-E','POR EMAIL',''),(21064947,'2016-10-24','ID 348016',1,1,'SOLICITA APOYO PARA LA GESTION DE LA ELECTRIFICACION','6','3','FERNEY AGUILAR','PRESIDENTE ASOCIACION CAMPESINA','3172130423','CARRERA 8 7 22','ASOCARIMAGUA','sanferne2010@hotmail.com','RAD-DTEP-0373-E','POR EMAIL',''),(20164969,'2016-10-25','ID 348206',1,29,'SOLICITA COLABORACION PARA LA PAVIMENTACION DE UNA CANCHA Y UN PARQUE RECRREACIONAL, MEJORAMIENTO DE LA ILUMINACION PUBLICA EN LOTE UBICADO EN LA CARRERA 26A AL PIE DEL PUENTE.','16','3','RICARDO E. TOSCANO PETRO','PRESIDENTE JAC','3123319108','','JORGE ELIECER GAITAN','richitosca@gmail.com','RAD-DTEP-0374-E','POR EMAIL',''),(20164970,'2016-10-25','ID 348205',1,29,'SOLICITA COLABORACION CON EL REPARCHEO GENERAL DE LAS CALLES QUE SE ENCUENTRAN BASTANTE DETERIORADAS Y MEJORAMIENTO DE LA ILUMINACION PUBLICA.','20','3','RICARDO E. TOSCANO PETRO','PRESIDENTE JAC','3123319108','','JORGE ELIECER GAITAN','richitosca@gmail.com','RAD-DTEP-0374-E','POR EMAIL',''),(20165052,'2016-10-31','ID 348604',1,2,'SOLICITUD DE APOYO A LAS NECESIDADES MAS APREMIANTES DEL BARRIO LOS CEDROS DEL MUNICIPIO DE ACACIAS','11','3','ROSA ALBA SOLANO LOPEZ','PRESIDENTE JAC','3103483726','CARRERA 37A 17 17','LOS CEDROS','juntaloscedros@yahoo.com','RAD-DTEP-0376-E','POR EMAIL',''),(20164636,'0000-00-00','',1,10,'presentacion y solicitud de recursos para ejecucion de proyecto','11','1','OSCAR OLAYA LOPEZ','ALCALDE MUNICIPAL','3213123904','CRA 5 #6-25','CENTRO','secretariadeplaneacion@eldorado-meta.gov.co','','','\"se asigna a cheryl para estructurar P 2016-60\"'),(20164637,'0000-00-00','',1,10,'presentacion de solicitud de recursos para ejecucion de proyectos','20','1','OSCAR OLAYA LOPEZ','ALCALDE MUNICIPAL','3213123904','CRA 5 #6-25','CENTRO','secretariadeplaneacion@eldorado.gov.co','','','\"se asigna a cheryl para estructurar P 2016-61\"'),(20164649,'0000-00-00','ID 345813',1,1,'RELACIONAN NECESIDADES DE LA VEREDA, CONFORMACION DE LA VIA EN EL PUERTO CONOCIDO COMO GAVIOTAS EN UNA EXTENSION DE 200 METROS APROXIMADAMENTE, INTERCONEXION ELECTRICA PARA BENEFICIAR APROXIMADAMENTE 13 FAMILIAS','10','3','ELIZABETH LARGO','','','','VEREDA TALANQUERAS','','RAD-DTEP-0361-E','','NO TIENE CONTACTO'),(20164657,'2016-10-04','',1,24,'proyecto 2016-67 construcción de gaviones','21','1','MIGUEL ANGEL NOVOA CARRRILLO','SECREATRIO DE PLANEACION','3123778163','','','','RAD-DTEP-0363-E','','\"se respondio el 8-10-16, se  asigna el 10-10-16 a maria victoria PENDIENTE POR RESPONDER\"'),(20164681,'2016-10-05','',1,21,'OBLIGATORIEDAD COORDINADOR TRABAJO EN ALTURAS EN OBRA','10','3','CONSORCIO PUENTE ARIARI','','','','','','','','SE ENTREGA A MILENA CASTAÑO'),(20164697,'2016-10-06','ID 346169',1,28,'SOLICITAN COLABORACION CON 650 M2 DE TABLETA PARA EL PISO DEL TEMPLO, NUESTRA SEÑORA DE LA SABIDURIA, DEL MUNICIPIO DE SAN MARTIN','12','3','WILMER FREDDY LEON CASTAÑEDA','PARROCO NUESTRA SEÑORA DE LA SABIDURIA','3107861215','CARRERA 5 19 - 34','','','RAD-DTEP-0339-E','','NO TIENE CONTACTO PARA ENVAR CORRESPONDENCIA'),(20164717,'2016-10-07','',1,12,'VISITA PARA PROYECTO DE PAVIMENTACION TROCHA 11 MUNICIPIO GRANADA META','21','3','RODNEY FRANCISCO ÑUSTES DIAZ','SECRETARIO DE PLANEACION E INFRAESTRUCTURA','3114673951','CALLE 15 14 07','','secretariaplaneacion@granada-meta.gov.co','NO REQUIERE','','\"se asigna el 3-11-16 a boris PENDIENTE POR RESPONDER\"'),(20164776,'2016-10-11','',1,21,'RESPUESTA A SOLICITUD DE REVISION DE AJUSTES DE DISEÑO','10','3','WILLIAM VALENCIA CAMPOS','','(8) 6623159','CALLE 38 32 41','PARQUE SANTANDER','info@ingevalsas.com.co','','','SE ENTREGA A MILENA CASTAÑO Y SE ENVIA VIA MAIL'),(20165045,'2016-10-31','',1,29,'INFORMACION IMPORTANTE','10','3','JAVIER PRIETO PREGONERO','','3132791675','CARREERA 38 26C 95','SIETE DE AGOSTO','jpregonero@grupodellano.com','NO REQUIERE ','','EN LOS ESTUDIOS PREVIOS QUE SE REALIZA POR PARTE DE LA ENTIDAD TENER EN CUENTA LOS POSIBLES DAÑOS A LAS REDES DE SERVICIOS PUBLICOS.'),(20160105,'2016-01-14','',1,31,'SE RECIBE OFICIO INFORMATIVO POR PARTE DE LA UDEC CON RESPECTO AL MANEJO DE LA CORRRESPONDENCIA','10','3','MARCO ANTONIO MARTINEZ CORDOBA','DIRECTOR PROYECTOS ESPECIALES Y RELACIONES INTERIN','(1) 2454411','carrera 16 No 39a - 52','TEUSAQUILLO','','NO REQUIERE','','NO REQUIERE'),(20160186,'2016-01-20','',1,9,'SOLICITA ORDENAR A QUIEN CORRESPONDA SEA SUMINISTRAR LA INFORMACIÓN REQUERIDA','10','1','ELIECER URREA MORENO','ALCALDE','3212094355','Cra 8 # 09-38','ALFONSO MENESES','alcaldi@elcastillo-meta.gov.co','NO REQUIERE','',''),(20160261,'2016-01-26','ID 301127',1,7,'\"SOLICITA RECURSOS PARA PREVENCION DE DESASTRES EN EL MUNICIPIO DE CUMARAL  \"','13','1','MIGUEL ANTONIO CARO BLANCO','ALCALDE','','cr 18a 14 - 02','Villa Olimpica II','alcaldia@cumaralmeta.gov.co','RAD-DTEP-0002-E','','RADICADO EN LA GOBERNACIÓN'),(20160264,'2016-01-26','ID 300993',1,1,'CONSTRUCCION MEGA COLEGIO, CONSTRUCCION PTAP, CONSTRUCCION ACUADUCTO POR GRAVEDAD, PLANCHON, CONSTRUCCION Y MEJORAMIENTO DE VIVIENDA, CONSTRUCCION DE SARDINELES, MANTENIMIENTO Y ADECUACION DE POLIDEPORTIVOS.','11','3','LUIS ELADIO CASTRO ACEVEDO','PRESIDENTE JAC','3144712410','PUERTO GUADALUPE  mz 10 casa 10','VILLAMORA ','eladio7116@outlook.com','RAD-DTEP-0003-E','servientrega guia 1122038215','DEVOLUCION AL REMITENTE, SE CONFIRMO PERO NO RECLAMO EN LA OFICINA'),(20160265,'2016-01-26','ID 300866',1,29,'SOLICITUD ENCIERRO DE LA URBANIZACION LA MADRID, SIN QUE AFECTE EL ESTRACTO URBANO','11','3','VIRGINIA BERMUDEZ OIDOR','LIDER COMUNITARIA ','3124533186','etapa 3, manzana 2, torre 18, apartamento 1104','MADRID','','RAD-DTEP-0004-E','\"servientrega  guia 1122028216\"',''),(20160266,'2016-01-26','ID 300988',1,2,'INCLUSION DE PROYECTOS PARA DESARROLLAR EN LA VEREDA: PLACAS HUELLA, ALCANTARILLADO, AREAS DEPORTIVAS, ACUEDUCTO, PROYECTOS DE VIVIENDA RURAL ENTRE OTROS.','10','3','HECTOR CASTRO','PRESIDENTE JAC','310285677','Clle 13A # 32-77','','venecia04diamante@gmail.com','RAD-DTEP-0005-E','\"servientrega  gui a 1122038217\"',''),(20160267,'2016-01-26','ID 300997',1,2,'INCLUSION DE PROYECTOS PARA TODAS LAS VEREDAS DE LA CORDILLERA ACACIREÑA: ARREGLO DE VIAS, ALCANTARILLAS, DRENAJES, PUENTES, ELECTRIFICACION, MEJORAMIENTO DE VIVIENDA, PROYECTOS PRODUCTIVOS, EDUCATIVOS Y SALUD.','10','3','MARTIN PEREZ RODRIGUEZ','PRESIDENTE ADCA','3102856277','','','adca.unidostrabajando@gmail.com','RAD-DTEP-0006-E','\"servientrega g uia  1122038218\"',''),(20160268,'2016-01-26','ID 301101',1,29,'PRESENTAN Y PONEN A DISPOSICION LA EMPRESA','10','3','WILLIAMS PEÑUELA HERNANDEZ','DIRECTOR COMERCIAL ANEMOL SAS','3202690440','cr 9 77 - 67 of 401 BOGOTÁ','','benito2@anemoi.com.co','NO REQUIERE','',''),(20160271,'2016-01-26','',1,13,'PROYECTO ACUEDUCTO DE LA VEREDA SAN PEDRO ','14','3','LUIS ALBERTO CUASTUMAL','','3102746102','cr 25 19a - 16','','','RAD-DTEP-0007-E','radicado en edesa','NO SE ENCUENTRA EL FISICO YA QUE SE ENVIO TODO A EDESA.'),(20160276,'2016-01-26','',1,1,'VISITA A LA ADMINISTRACIÓN VIAL GRUPO DOS SEDE EN PUERTO GAITAN','21','3','ANA RUTH PALACIOS TURRIAGO','SECRETARIA JAC','','','','','NO REQUIERE','','richard mancera subg. de proyectos'),(20160317,'2016-01-28','',1,14,'SOLICITAN LES APOYEN CON LA CONSTRUCCION DE UNA VIVIENDA PARA EL DOCENTE DE LA ESCUELA, UNA UNIDAD SANITARIA, CASETA COMUNAL, PARQUE INFANTIL, POLIDEPORTIVO, TANQUES PARA AGUA, MANGUERAS, PORTON METALICO, HERRAMIENTAS DE TRABAJO, PLANTA A GASOLINA.','10','3','PAUBLINO ARAUJO','VICEPRESIDENTE JAC','','','VEREDA LA ESMERALDA','alcaldia@lamacarena-meta.gov.co','RAD-DTEP-0008-E','\"servientrega g uia  1125111120\"',''),(20160318,'2016-01-28','ID 301703',1,29,'SOLICITA CONCRETAR UNA REUNION CON LA GOBERNADORA PARA EXPONER PROYECTOS QUE APOYEN EL DESARROLLO COMPETITIVO DEL DEPARTAMENTO DEL META','10','3','GUSTAVO ORDOÑEZ DE LOS RIOS','GERENTE DE CRESIENDO','3108169334','Calle 27 No. 44c - 274 Torre 9 Apto 202','BUQUE ','','RAD-DTEP-0009-E','\"servientrega g uia  1125111121\"',''),(20160342,'2016-02-01','ID 302016',1,29,'ACONDICIONAMIENTO DEL PARQUE CON GIMNASIO AL AIRE LIBRE','10','3','CARLOS EDUARDO VANEGAS','LIDER COMUNITARIO','','JUNTA DE ACCION COMUNAL DE LA CIUDADELA SAN JORGE','','','RAD-DTEP-0010-E','servientrega guia 1125111122','\"22  DEVOLUCION AL REMITENTE, faltan datos en la direccion\"'),(20160349,'2016-02-01','ID 302213',1,19,'SOLICITA LE COLABOREN CON EL PROYECTO PARA REALIZAR 30 POZOS CACHAMEROS, YA QUE LA MAQUINARIA SE ENCUENTRA REALIZANDO TRABAJOS EN ESE SECTOR, IGUALMENTE SOLICITAN QUE EL ROMPEOLAS QUE ESTAN CONSTRUYENDO PARA QUE EL RIO NO SE DESBORDE SE HAGA LO MEJOR','24','3','OMAR DANILO AGUILAR','REPRESENTANTE LAEGAL ASOFAPROMEGUA','3213531131','\"Carrera 17 No. 9 - 29','PROVENIR ','VEREDA PLAYA ALTA','RAD-DTEP-0011-E','\"servientrega guia  1125111124\"','se recibe devolucion al remitente por concepto, no fue posible su entrega se genera su devolucion'),(20160365,'2016-02-02','',1,1,'SOLICITAN REPARACION DE LA VIA QUE DE VISTA HERMOSA CONDUCE A LAS VEREDAS DE SAN JOSE JAMUCO, BOCAS DE TALANQUERAS, ALTO CUNIMIA, LAS DELICIAS, MATADE BAMBU, EL DIAMANTE, BRISAS DEL GUEJAR, VILLA LA PAZ, CAÑO RAYADO Y CHARCO TRECE','24','3','NESTOR GUILLERMO PADILLA PRIETO','','3118087763','Carrera 13 No. 8 - 34','EL ESTERO','ngpadilla@hotmail.com','RAD-DTEP-0012-E','\"servientrega g uia  1125111123\"',''),(20160388,'2016-02-03','ID 302441',1,1,'SOLICITUD DE MEJORAMIENTO DEL CORRREDOR VIAL PRINCIPAL DEL CORREGIMIENTO 6','17','3','JAIME PULIDO','','','','','','RAD-DTEP-0013-E','servientrega guia 1125111125','DEVOLUCION AL REMITENTE, no lo conocen no contestan el telefono'),(20160389,'2016-02-03','',1,30,'SOLICITUD ARREGLO VIAS VISTA HERMOSA','10','3','','','3118087763','\"Carrera 13 No. 8 - 34 ','ESTERO ','ngpadilla@hotmail.com','RAD-DTEP-0012-E','\"servientrega guia  1125111123\"',''),(20160410,'2016-02-04','ID 302667',1,9,'SOLICITUD DE CANALIZACION DEL RIO ARIARI EN LA VEREDA CARMEN UNO BAJO','13','3','ELSA SUAREZ MUR','','3108609764','\"Carrera 7 No. 8 - 30 Barrio Nueva Esperanza El Castillo\"','','','RAD-DTEP-0014-E','servientrega guia 1125111126',''),(20160411,'2016-02-04','ID 302623',1,29,'SOLICITAN REPARACION DE LA VIA QUE DE VISTA HERMOSA CONDUCE A LAS VEREDAS DE SAN JOSE JAMUCO, BOCAS DE TALANQUERAS, ALTO CUNIMIA, LAS DELICIAS, MATADE BAMBU, EL DIAMANTE, BRISAS DEL GUEJAR, VILLA LA PAZ, CAÑO RAYADO Y CHARCO TRECE','1','3','NESTOR GUILLERMO PADILLA PRIETO','','3118087763','\"Carrera 13 No. 8 - 34 Barrio el Estero Granada Meta\"','','ngpadilla@hotmail.com','RAD-DTEP-0015-E','servientrega guia 1125111127',''),(20160412,'2016-02-04','ID 302690',1,30,'INTERVENCION DE VIAS EN LOS MUNICIPIOS DE VISTA HERMOSA, LEJANIAS, MESETAS Y PUERTO RICO','10','3','CHRISTIAN E. RODRIGUEZ GUTMANN','','','\"Calle 20 No 40 - 62/64 Barrio Camoa\"','','crodriguez@mapp-oea.org','RAD-DTEP-0016-E','servientrega guia 1125111128',''),(20160447,'2016-02-08','ID 303041',1,11,'SOLICITUD DE UNIDAD SANITARIA DE LA INSTITUCION EDUCATIVA RAFAEL POMBO, DEL POLIDEPORTIVO Y ACUEDUCTO DE LA VEREDA','11','3','OMAR CASTILLO','','','\"Junta de Accion Comunal Vereda Caño Blanco\"','','','RAD-DTEP-0017-E','servientrega guia 1125111129',''),(20160448,'2016-02-08','ID 303033',1,21,'SOLICITUD ELECTRIFICACION PARA LA VEREDA','6','3','HEIVER ANTONIO VIVAS GONZALEZ','PRESIENTE JAC','3203252279','','\" Vereda El Caribe\"','','RAD-DTEP-0018-E','servientrega guia 1125111130',''),(20160450,'2016-02-08','ID 302901',1,7,'SOLICITAN UN ESCENARIO DEPORTIVO','11','3','\"JOSE GUILLERMO PRIETO LOPEZ  \"','PRESIDENTE JAC','','\"Carrera 32b No. 6a - 19 Villavicencio\"','','jgprietolo@gmail.com','RAD-DTEP-0019-E','servientrega guia 1125111131',''),(20160451,'2016-02-08','ID 303232',1,29,'SOLICITAN LA CONSTRUCCION DE UN PARQUE BIO SALUDABLE Y UNA PISTA DE PATINAJE ','15','3','CRUCELINA ROJAS','','','Calle 7 No. 6a - 50','','','RAD-DTEP-0020-E','servientrega guia 1125111132',''),(20160452,'2016-02-08','ID 302944',1,29,'SOLICITAN EL ARREGLO DE LAS VIAS DE POMPEYA BAJO DEL CORREGIMIENTO 4 - SE DEVUELVE POR PARTE DE SERVIENTREGA NO RECOGIERON EN LA OFICINA, TELEFONO APAGADO','10','3','CARLOS TRUJILLO','','3105760086','Servientrega del Alto de Pompeya','','','RAD-DTEP-0021-E','servientrega guia 1125111133',''),(20160453,'2016-02-08','ID 303024',1,29,'SOLICITUD CONSTRUCCION DE POLIDEPORTIVO, SALON DE INTEGRACION COMUNITARIA, SUBSIDIO DE TRANSPORTE PARA ESTUDIANTES DEL COLEGIO CHAMPANAG PINARES DE ORIENTE, COMEDOR INFANTIL Y COMUNITARIO Y COMEDORES ADULTOS MAYORES','11','3','\"LUIS ARNOBIO GARCIA TANGARIFE  \"','PRESIDENTE JAC','3142385935','Urbanizacion charrascal, Manzana L casa 11','CHARRACAL','','RAD-DTEP-0022-E','servientrega guia 1125111134',''),(20160454,'2016-02-08','ID 303320',1,11,'SOLICITAN FUNCIONAMIENTO PUESTO DE SALUD, ALCANTARILLADO Y ACUEDUCTO Y OTROS','24','3','\"ARMANDO HERNANDEZ ZAMBRANO  \"','PRESIDENTE JAC','','\"Alcaldia Fuente de Oro Carrera 13 No. 10 - 58 Centro\"','INPECCION UNION DEL ARIARI ','','RAD-DTEP-0023-E','servientrega guia 1125111136',''),(20160456,'2016-02-08','ID 303052',1,11,'PROPONE DAR BIENESTAR A ABUELOS DESPROTEGIDOS, NIÑOS DESAMPARADOS, MADRES CABEZA DE FAMILIA Y OTROS DENTRO DE SUS NECESIDADES. SOLICITA UNA REUNION URGENTE CON LA GOBERNADORA','23','1','JESUS ANTONIO LONDOÑO ZAPATA','ALCALDE','3105563259','\"Alcaldia Fuente de Oro Carrera 13 No. 10 - 58 Centro\"','','londonozf12@gmail.com','RAD-DTEP-0025-E','servientrega guia 1125111145',''),(20160457,'2016-02-08','ID 303074',1,11,'RELACIONA NECESIDADES DE LA COMUNIDAD COMO VIVIENDA RURAL, MANTENIMIENTO DE LA VIA TROCHA 7 Y OTRAS','19','3','ARQUIMIDES ROMERO','PRESIDENTE JAC','','\"Alcaldia Fuente de Oro Carrera 13 No. 10 - 58 Centro\"',' VEREDA MOGOTES','','RAD-DTEP-0026-E','servientrega guia 1125111144',''),(20160464,'2016-02-08','',1,11,'SOLICITAN COLABORACION CON ALGUNAS NECESIDADES COMO UNIDAD SANITARIA, DOS TANQUES PARA EL AGUA Y OTROS','24','3','PEDRO SAAVEDRA','PRESIDENTE JAC','','\"Alcaldia Fuente de Oro Carrera 13 No. 10 - 58 Centro\"','VEREDA BARRANCO COLORADO','','RAD-DTEP-0027-E','servientrega guia 1125111143',''),(20160465,'2016-02-08','ID 303394',1,8,'SOLICITA COLABORACION CON ALGUNAS NECESIDADES COMO RECUPERAR EL BUEN ESTADO DE LAS CALLES PUBLICAS, AMPLIAR Y REMODELAR Y ACONDICIONAR GRAN PARTE DEL BLOQUE A DE LA INSTITUCION EDUCATIVA COLEGIO SIMON BOLIVAR','20','3','MIGUEL ALIRIO VELASQUEZ PEÑA','PRESIDENTE JAC','3108562967','\"Carrera 4 No. 2 - 26 San Francisco - Meta\"','SAN FRANCISCO','jacsanfranciscometa@hotmail.com','RAD-DTEP-0028-E','servientrega guia 1125111142',''),(20160459,'2016-02-09','ID 303748',1,29,'SOLICITUD POLIFUNCIONAL BARRIO EL SALITRE','16','3','JOSE MARIA DOMINGUEZ','PRESIDENTE JAC','3208321377','SM 1 CASA 12','URBANIZACION SALITRE','','RAD-DTEP-0059-E','servientrega',''),(20160488,'2016-02-09','',1,21,'VISITA PREDIO PROPIETARIA SEÑORA LUZ DIVA GARCIA','10','3','CONSORCIO META','','','Calle 20 No. 40 -77','VILLA MARIA  ','consorciometapuenteariari@gmail.com','NO REQUIERE','','este radicado se encuentra en la AZ del proyecto, contrato puente puerto lleras'),(20160489,'2016-02-09','',1,21,'ENTREGA INFORMES SEMANALES','10','3','CONSORCIO META','','','Calle 20 No. 40 -77','VILLA MARIA','consorciometapuenteariari@gmail.com','NO REQUIERE','','se encuentran en el proyecto'),(20160494,'2016-02-09','ID 303617',1,15,'SOLICITA LA CONSTRUCCION DE LA CASETA COMUNAL','10','3','JAVIER MONTOYA RUBIO','PRESIDENTE JAC','','\"Alcaldia Uribe Carrera 6 N. 5-18 Alcaldía Municipal  \"','VEREDA PARAISO','alcaldia@uribe-meta.gov.co','RAD-DTEP-0029-E','servientrega guia 1125111141',''),(20160496,'2016-02-09','ID 303623',1,15,'SOLICITUD DESTINACION DE RECURSOS PARA LA ADECUACION DE LOS CENTROS TURISTICOS DEL MUNICIPIO DE URIBE META','11','1','JAIME PACHECO GARCIA','ALCALDE','','\"Alcaldia Uribe Carrera 6 N. 5-18 Alcaldía Municipal  \"','','alcaldia@uribe-meta.gov.co','RAD-DTEP-0030-E','servientrega guia 1125111140',''),(20160497,'2016-02-09','ID 303620',1,15,'SOLICITUD DESTINACION DE RECURSOS PARA LA CONSTRUCCION DE OBRAS DE URBANISMO Y PLACA DEPORTIVA DEL PROYECTO VIVIENDA DEL MUNICIPIO DE LA URIBE','10','1','JAIME PACHECO GARCIA','ALCALDE','3203393002','\"Alcaldia Uribe Carrera 6 N. 5-18 Alcaldía Municipal  \"','','alcaldia@uribe-meta.gov.co','RAD-DTEP-0031-E','servientrega guia 1125111137',''),(20160498,'2016-02-09','ID 303762',1,29,'COMUNIDAD DEL CORREGIMIENTO 6 DE VILLAVICENCIO SOLICITAN EL ARREGLO DE LA VIA QUE CONDUCE A LA BOCATOMA DE ACUEDUCTO','10','3','YOLANDA PARRADO','','3142948271','\"Calle 4 s No. 52 - 16 Llano Lindo Villavicencio - Meta\"','','yoju_0410@hotmail.es','RAD-DTEP-0032-E','servientrega guia 1125111147',''),(20160499,'2016-02-09','ID 303748',1,29,'SOLICITUD POLIFUNCIONAL URBANIZACION EL SALITRE','4','3','JOSE MARIA DOMINGUEZ','','3208321377','\"SM1 mz i casa 12 Urbanizacion salitre\"','','','\"RAD-DTEP-0059-E y RAD- DTEP-0060-E\"','servientrega guia 1125111160','SE ENVIO RESPUESTA AL PETICIONARIO Y AL DOCTOR EDUARDO GONZALEZ PARDO'),(20160500,'2016-02-09','ID 303758',1,15,'SOLICITAN COLABORACION CON UN POLIDEPORTIVO PARA EL BARRIO BATEAS','16','3','MATILDE RIVERA','','','\"Carrera 7 No. 15 casa No. 03','Galan','','RAD-DTEP-0033-E','servientrega guia 1125111138',''),(20160520,'2016-02-11','ID 303623',1,1,'SOLICITUD DESTINACION DE RECURSOS PARA LA ADECUACION DE LOS CENTROS TURISTICOS DEL MUNICIPIO','16','3','JAIME PACHECO GARCIA','ALCALDE','3203393002','CR 6 5 18','','alcaldia@uribe-meta.gov.co','RAD-DTEP-0035-E','servientrega',''),(20160560,'2016-02-15','ID 303618',1,15,'SOLICITAN LA CONSTRUCCION DE LA SEDE PARA LA ASOCIACION MUJERES CAMPESINAS REGION DEL PARAISO ','10','3','BELMA MARIN RUBIO','REPRESENTANTE LEGAL','3102394430','CR 7 4 56','CENTRO','','RAD-DTEP-0036-E','servientrega',''),(20160574,'2016-02-15','ID 304545',1,1,'SOLICITUD DESTINACION DE RECURSOS PARA PROLONGACION DE PAVIMENTACION VIA PRINCIPAL INSPECCION DE LA JULIAY CENTRO POBLADO EL DIVISO','10','3','JAIME PACHECO GARCIA','ALCALDE','3143664549','Cra 6 No. 5 -18 Palacio Municipal','','alcaldia@uribe-meta.gov.co','RAD-DTEP-0061-E','servientrega guia 1125111161',''),(20160674,'2016-02-18','',1,12,'NECESIDADES Y PROYECTOS EN EL BANCO DE PROYECTOS PARA LA VEREDA SANTA ELENA MUNICIPIO DE GRANDA META','10','3','JORGE GABRIEL ORTIZ CLAVIJO','PRESINDENTE JAC','3138766698','CLL 16 #12-05','VEREDA SANTA HELENA','yalinet.granada@hotmail.com','','','ENTREGA EXTRATIEMPO POR PARTE DE FARIDE. Se decide no contestar ya que faride  no contesta.'),(20160699,'2016-02-19','',1,14,'COTIZACION TRNASPORTE DE ASFALTO SEÑOR AELEY MONROY FIERRO FLORENCIA CAQUETA','10','3','EDILBERTO RAMON ENDO','REPRESENTANTE LEGAL','3153281010','CLL 21 #1-24 APTO A','LAS ACACIAS','transmaguare@hotmail.es','','',''),(20163856,'2016-02-22','ID 339418',1,13,'SOLICITAN SEAN INCLUIDOS EN EL PROYECTO DE SOLUCION DE NECESIDADES EN EL CUAL DEBEN QUEDAR PROYECTADAS Y SOLUCIONADAS LAS DEL BARRIO LA FLORESTA CUANDO LE SEA POSIBLE','10','3','ORFELID SANCHEZ AYALA','PRESIDENTE JAC','3107907058','CRA 14 # 9 - 28','','ORFESAN2010@HOTMAIL.COM','RAD-DTEP-0297-E','POR EMAIL',''),(20160768,'2016-02-24','',1,19,'ANTE - PROYECTO PUENTE SOBRE EL RIO ARIARI MUNICIPIO DE PUERTO CNCORDIA, SE RECIBE A LA MANO EN LA VISITA DEL PLAN DE DESARROLLO Y SE RADICA POR PARTE DEL DIRECTOR DE PROYECTOS DEL AIM','10','3','CONCRE ARMADO LTDA','','','','puerto concordia','','NO REQUIRE','',''),(20160775,'2016-02-24','',1,11,'POR MEDIO DE LA PRESENTE HAGO ENTREGA EN MEDIO MAGNETICO E IMPRESO DEL PROYECTO \"ESTUDIOS Y DISEÑOS PARA LA CONSTRUCCION DEL COLEGIO ANTONIO NARIÑO, CENTRO POBLADO DE PUERTO NUEVO, MUNICIPIO DE FUENTE DE ORO, META\" SE LE DA CÓDIGO DE DTEP 20160224775','5','3','FERNEY BELTRAN AVILA','INGENIERO','3123771476','Cr 41 No. 18 -10','VILLA MARIA','','RAD-DTEP-0062-E','','no se envia debido a que se empezo la estructuracion, se suspendio la estructuracion por orden de gerencia P 2016-01'),(20160778,'2016-02-24','',1,22,'SOLICITAR PRIORIZAR LA INVERSION DE UN POLIDEPORTIVO PARA LA COMUNIDAD INDIGENA PIAPOCO DEL MUNICIPIO DE PUERTO LOPEZ, DADO QUE ESTA COMUNIDAD LO NECESITA Y FUE UNA PROMESA DE CAMPAÑA DE LA SEÑORA GOBERNADORA MARCELA AMAYA GARCIA CON LOS PUEBLOS INDI','10','2','OSCAR MARCELINO GAITAN','CONCEJAL','3143167864','ALCALDIA DE PUERTO LOPEZ ','PALACIO MUNICIPAL','marcelinogaitan-victoria@hotmail.com','RAD-DTEP-0063-E','SERVIENTREGA GUIA  1125111162',''),(20163921,'2016-02-24','ID 339913',1,29,'SOLICITA LA DONACIÓN DE (100) POSTES DE ENERGIA, CON EL OB JEJTO DE ELECTRIFICAR EL  BARRIO Y PODER GOZAR DE UN BUEN SERVICIO Y MEJORAR LA CALIDAD DE VIDA','10','3','OMAIRA CIERRA ALVAREZ','PRESIDENTE JAC','3133516118','','EL BRILLANTE','','RAD-DTEP-0381-E','A LA MANO','LA GENTE SE PRESENTO EN MI OFIICINA Y EL RAD HABIA SIDO UNO DE LOS TRASPAPELADOS POR THALIA, SE CONTESTO Y SE ENTREGO A LA MANO A LA GENTE DE LA COMUNIDAD.'),(20163922,'2016-02-24','ID 340095',1,2,'SOLICITAN URGENTE MAQUINARIA PARA DESTAPAR VIAS QUE POR DESLIZAMIENTO DE TIERRAS SE ENCUENTRA TAPONADAS POR PARTE DE LA OFICINA DE ATENCION DE DESASTRES, MANIFIESTA QUE SE ENCUENTRAN SIN FLUIDO ELECTRICO','13','3','DOMINGO GOMEZ','PRESIDENTE JAC','3108692969','','VEREDA LABERINTO','','RAD-DTEP-0299-E','POR EMAIL',''),(20163925,'2016-02-24','ID 339985',1,28,'SOLICITAN PARTIDA PRESUPUESTAL PARA ARREGLAR VIA QUE DE SAN MARTIN KM 6 HACIA LA NOVILLA Y LAS RESERVAS NATURALES LAS UNAMAS, EL REY ZAMURO Y EL CADUCEO','18','3','ALVARO SANABRIA','LIDER COMUNITARIO','','','VEREDA LA UNIÓN','','RAD-DTEP-0301-E','',''),(2160784,'2016-02-25','',1,29,'INFORMAN A LA ALCALDIA DE VILLAVICENCIO SOBRE LA RESPUESTA DADA EL DÍA 16 DE FEBRERO CON EL RAD. NO. RAD-DTEP-0039-E','10','3','FERNANDO OSSUNA RODRIGUEZ','','3216093775','Cll 39 No. 5 - 50',' Manantial','veedermetafor@gmail.com','NO REQUIERE','',''),(20160787,'2016-02-25','ID 306966',1,1,'SOLICITA COLABORACION CON RECURSOS PARA LA ELECTRIFICACION DE LA VEREDA GUAPAYA BAJO DEL MUNICIPIO DE VISTA HERMOSA','10','3','MERCEDES TOBAR','PRESIDENTE JAC','3212538520','','','VEREDA GUAPAYA BAJO','RAD- DTEP  0064-E','SERVIENTREGA  GUIA  1125111163',''),(20160796,'2016-02-25','',1,21,'SOLICITUD CAMBIO PROFESIONAL ESPECIALISTA EN SALUD OCUPACIONAL.','10','3','DANIEL ARTURO SANCHEZ GUTIERREZ','','3193483405','Cll 18 No. 40a - 93','','intermeta2015@gmail.com','RAD-DTEP-0080-E','','se entrego a milena castaño junto con el rad 969 para ser contestado, la respuesta se encuentra en el radicado 969 con fecha 28-03-16'),(20160800,'2016-02-25','ID 306962',1,24,'SOLICITUD APOYO SOLUCION POBLACION MIRALINDO, RESTREPO - META','10','3','CARMENTINA AYA RAMOS','SECRETARIA JAC','3213747826','Alcaldia de Restrepo','Palacio Municipal','','RAD-DTEP-0065-E','servientrega guia 1125111164',''),(20160845,'2016-02-29','ID 307206',1,12,'SOLICITA SEAN TENIDOS EN CUENTA EN EL PLAN DE DESARROLLO','10','3','CARLOS ALBERTO NAVARRO','PRESIDENTE JAC','3156019461','','VEREDA URICHARE','','RAD-DTEP-0066-E','servientrega guia 1125111165',''),(20160846,'2016-02-29','ID 307020',1,1,'SOLICITUD E INVERSION PUBLICA POLIDEPORTIVO EN EL RESGUARDO TURPIAL LA VICTORIA DEL MUNICIPIO DE PUERTO LOPEZ','16','3','OSCAR MARCELINO GAITAN','CONCEJAL','','Alcaldia de puerto Lopez','Palacio Municipal','marcelinogaitan-victoria@hotmail.com','RAD-DTEP-0067-E','servientrega guia 1125111166',''),(2017184,'2017-01-19','',1,9,'verificar información proyecto de infraestructura','19','3','Edilberto Rodriguez Piñeros','','3134913165','calle 20a 24-73 ','La Tiza Acacias','ediropi070@yahoo.com.ar','RAD-DTEP 0028–E','e-mail',''),(2017217,'2017-01-20','ID 360415',1,8,'inventario puentes colgantes municipio de el calvario, la mayoría son en madera y están ya cumpliendo su ciclo de uso','15','2','Jeasson Julian Velasquez Molano','Alcalde ','3133196139','calle 6 5 12','Centro','alcaldia@elcalvario-meta.gov.co','RAD-DTEP 010– E','por email',''),(2017284,'2017-01-25','',1,28,'solicitud de apoyo con maquinaria','14','2','Dario Manrique Herrera','Presidente CORPOCUADRILLAS','3118220322','cr 14 con cl 14','','jpcuadrillas-delosllanos@hotmail.com','RAD-DTEP 0027–E','e-mail','la envía clara poveda'),(2017286,'2017-01-25','',1,30,'llevar a cabo la ejecución de obras de arte en la infraestructura vial prioritarias para la comunidad','3','3','Clara Rosa Velez Cardona','Concejal','','','cr 13 8 75','concejo@vistahermosa-meta.gov.co','RAD-DTEP 015– E','por email',''),(2017306,'2017-01-25','',1,21,'respuesta a oficio No. 17 de 24/01/2017, revisión hoja de vida','10','3','Kelly Arnold Pulido','Director de Interventoría','','','','','','',''),(2017320,'2017-01-26','ID 361061',1,21,'electrificación veredas brisas del guejar del municipio de puerto lleras','6','2','Luis Alfonso Paaez','Concejal','3112030845','','','luchopaez-mano-@hotmail.com','RAD-DTEP 019– E','por email',''),(2017321,'2017-01-26','ID 361155',1,30,'llevar a cabo la ejecución de obras de arte en la infraestructura vial prioritarias para la comunidad','3','2','Clara Rosa Velez Cardona','Concejal','','','','concejo@vistahermosa-meta.gov.co','RAD-DTEP-0015-E','e-mail',''),(2017322,'2017-01-26','361057',1,21,'SOLICITUD ELECTRIFICSCION VEREDA AGUA LINDA DEL MUNICIPIO DE PUERTO LLERAS ','6','2','Luis Alfonso Paez ','Concejal','3112030845','KRA 5 #  5-138','','luchopaez-mano-@hotmail.com','RAD-DTEP 1012– E','Por Email',''),(2017323,'2017-01-26','361050',1,21,'Solicitud ayuda  para  construir un puente en la parcelacion ','15','3','Maria Emira Duarte','Presiente JAC','3124767817','Cra 5 # 5- 138','','luchopaez-mano-@hotmail.com','RAD-DTEP 021– E','Por email','se envió al correo del concejal luis '),(2107324,'2016-01-26','361054',1,21,'Solicitud de electrificacion vereda laureles del municipio de puerto lleras ','6','2','Luis Alfonso  Paez ','Concejal ','3112030845','Cra 5 no 5- 138','','','RAD DTEP 022 E','email',''),(2017324,'2017-01-26','361054',1,21,'Solicitud de electrificacion vereda laureles del municipio de puerto lleras ','6','2','Luis Alfonso paez','Concejal ','3112030845','Cra 5 no 5-138','','luchopaez-mano-@hotmail.com','RAD-DTEP 022– E','Por email',''),(2017325,'2017-01-26','ID 361129',1,29,'Solicitud colaboracion con 100 bultos de cemento para pavimentar la via principal','24','3','Carlos Mario Peña Lopera','Parroco de la Iglesia San Felipe','3178934797-3214170289','Kra 49 no 74-07 Parroquia San Felipe  Apostor','La Nohora','jaclanohora@gmail.com','RAD-DTEP 0033 – E','por email','se contesto mal y se volvió a enviar la respuesta el día 15-02-17'),(2017357,'2017-01-27','',1,29,'Solicitud apoyo  y colaboracion de obras para alcantarillado centro de formación integral KAIROS.','2','3','Adrian G.Gutierrez Reina ','especialista de area sisoma','6687367','DIAG 7 BRIGADA KM 4 VIA PUERTO LOPEZ','Vereda Aguas Claras ','centrokairosvillavicencio@hotmail.com','RAD-DTEP 0034 – E','Por email','mal contestada se vuelve a contestar el 15-02-17'),(2017367,'2017-01-27','361181',1,11,'Solicitud recursos obras inconclusas en el municipio de fuente de oro.','10','1','Jesus Antonio Londoño Zapata ','Alcalde ','3102588038','Cra 13 no 10-58','','gobierno@fuentedeoro-meta.gov.co','RAD-DTEP 025– E','por email',''),(2017397,'2017-01-31','ID 361668',1,13,'colaboración con las obras que se necesitan para la canalización y protección del rió humadea','13','2','Nely Alipio Reyes','Presidente JAC','3142985631','Centro turístico Humadea','','planeacion@guamal-meta.gov.co','RAD-DTEP 0036 – E','',''),(2017385,'2017-01-30','ID 361503',1,12,'Solicitud pavimentacion de calles Centro  Poblado de Cana guaro','20','2','Duvan Mauricio Roa Cruz','Presidente Concejo Municipal','3123882815','','','duvan.anguie@hotmail.com','RAD-DTEP-0027-E','Por email',''),(2017387,'2017-01-30','',1,7,'Presentaciion del proyecto denominado MEJORAMIENTO  Y ADECUACION DEL ESPACIO PUBLICO ZONA CENTRO Y ACCESO AL MUNICIPIO DE CUMARAL-META','11','1','Miguel Antonio Caro Blanco ','Alcalde ','3102537150','Cra 18a no 14-02','Villa Olímpica ','alcaldia@cumaral-meta.gov.co','RAD-DTEP 0032– E','email','se envió una primera respuesta e l día 3 de febrero mal, el 14 de febrero se vuelve a enviar la respuesta corregida'),(2017389,'2017-01-30','',1,7,'Estudiar la posibilidad de unir los dos predios y construir un polideportivo o una cancha multiple. ','16','3','Rigoberto Rodriguez Garzon ','','312417951 ','MNZ A  CASA 14','Oasis ','rgtlatitud45@hotmail.com','RAD-DTEP 029– E','e-mail',''),(20160851,'2016-03-01','si',1,9,'SOLICITUD DE OBRAS PARA EL BARRIO LA NUEVA ESPERANZA','20','3','NESTOR PARRA RUBIO','PRESIDENTE JAC','3107828213','Alcaldia El Castillo - Meta','','','RAD- DTEP  0068-E','servientrega guia 1125111167',''),(2016853,'2016-03-01','',1,14,'SOLICITARLE DE SU APOYO Y BUENA GESTION PARA LA EJECUCION DEL PROYECTO DE HECHURA EN MATERIAL DE CUATRO (4) PUENTES LOCALIZADOS DE LA SIGUIENTE FORMA: 1) CAÑO GUADUAS, CON UN DIAMETRO DE 10 METROS DE LARGOS. 2) CAÑO MORENO, CON UN DIAMETRO DE 8 METRO','15','1','ELISEO RICO','PRESIDENTE JAC','','Alcaldia La Macarena','Vereda El Retiro','','RAD-DTEP-0069-E','servientrega guia 1122038239',''),(2016857,'2016-03-01','ID 307444',1,25,'OBRAS DE PROTECCION URGENTE SOBRE EL RIO GUAYURIBA EN SAN CARLOS DE GUAROA','13','1','RONAL YAMID LOZANO DELGADO','ALCALDE','6557016-97','CLL 4A #10-37','CENTRO','alcaldia@sancarlosdeguaroa-meta.gov.co','','','SE ENTREGA EXTRATIEMPO POR FARIDE Y SE ENVIA CORREO ELECTRONICO A EL ARQ RICHARD. Se decide no contestarla'),(2106859,'2016-03-01','ID 307399',1,11,'REVISON TECNICA PUENTE SOBRE CAÑO IRACA, TOCA CONTESTARLO','21','1','JESUS ANTONIO LONDOÑO ZAPATA','ALCALDE','3125853983','Cr 13 No. 10 - 58','Palacio Municipal','alcaldia@fuentedeoro-meta.gov.co','NO REQUIERE','','se entego a fernando espejo para ser contestado, no se recibio respuesta por parte del supervisor'),(2016889,'2016-03-02','',1,19,'TODA MI COMUNIDAD LE SOLICITA MUY RESPETUOSAMENTE QUE NOS AYUDE CON EL TEMA DE VIAS QUE ES EL PULMON DE NUESTRA VEREDA, ELECTRIFICACION Y ACUEDUCTO VEREDAL','19','3','MARTHA LUCIA RIVEROS LOPEZ','PRESIDENTE JAC','3202891746','','VEREDA SANTA ISABEL','','RAD-DTEP-0070-E','servientrega guia 1122038240',''),(20156890,'2016-03-02','',1,19,'ESTA ES CON EL FIN DE SOLICITAR AYUDA SOBRE EL MEJORAMIENTO DE VIVIENDA DE LA URBANIZACION VILLA ANDREA.','23','1','BLANCA ALICIA GOMEZ','REPRESENTANTE DE LA VEEDURIA','','','URBANIZACION VILLA ANDREA','','RAD-DTEP-0071-E','servientrega guia 1122038241',''),(2016891,'2016-03-02','',1,22,'SOLICITUD PARA CONSTRUCCION ALCANTARILLA EN LA OBRA DE PAVIMENTACION DE LA VIA PACHAQUIARO - META DE YUCA LA BALSA INSPECCION BOCAS DEL GUAYURIBA MUNICIPO DE PTO LOPEZ META','2','1','PEDRO MONTAÑO CAMPAZ','CONCEJAL','3107503871','Alcaldia Municipal','Palacio Municipal','','RAD-DTEP-0072-E','servientrega guia 1122038201',''),(2016938,'2016-03-04','ID 308245',1,16,'SOLICITUD COLABORACION PARA LA CONTINUIDAD DE LA PETROLIZADA DE LA VEREDA','19','1','DARIO RODRIGUEZ','PRESIDENTE JAC','','Alcaldia Municipal','VEREDA EL ROBLE','','RAD-DTEP-0073-E','servientrega guia 1122038202',''),(2016939,'2016-03-04','ID 308221',1,16,'HABITANTES DEL BARRIO LOS PINOS, SOLICITAN LA CONSTRUCCION DE LAS REDES DE ACUEDUCTO, ALCANTARILLADO Y REDES ELECTRICAS','6','3','FERNEY AGUIRRE','','3125150088','Calle 8 No. 11 - 76','Porvenir','','RAD-DTEP-0074-E','servientrega guia 1122038203',''),(2016941,'2016-03-04','ID 308300',1,12,'PETICIONES DE LA VEREDA PARA SER TENIDAS EN CUENTA EN EL PLAN DE DESARROLLO TERRITORIAL','19','3','LEONOR RODRIGUEZ','PRESIDENTE JAC','','Alcaldía Municipal','Vereda Los Maracos','','RAD-DTEP-0075-E','servientrega guia 1122038204',''),(2016942,'2016-03-04','ID 308269',1,16,'SOLICITAN ALGUNAS NECESIDADES DE LA VEREDA','19','3','EFREN AGUILAR','VICEPRESIDENTE JAC','','Alcaldia Municipal','CAFETALES','','RAD-DTEP-0076-E','servientrega guia 1122038205',''),(2016943,'2016-03-04','ID 308216',1,16,'SOLICITUD DE PRIORIDADES EN LA VEREDA COMO LA CONSTRUCCION DE TRES ALCANTARILLAS, REFORZAR GAVIONAES Y OTROS','2','3','FLOR ALBA ESPITIA','PRESIDENTE JAC','3123338700','Alcaldia Municipal','Vereda Angostura del Guape','','RAD- DTEP  0077-E','servientrega guia 1122038206',''),(2016944,'2016-03-04','ID 307710',1,29,'SOLICITAN UN PARQUE RECREACIONAL','16','3','FLORENTINA CHAVERRA PORRAS','PRESIDENTE JAC','3134213724','Calle 24 28 - 27','San Marcos Bajo','','RAD- DTEP  0078-E','servientrega guia 1122038207',''),(2016945,'2016-03-04','ID 308231',1,2,'SOLICITAN LA CONSTRUCCION DE POLIDEPORTIVO','16','3','MARIA JUDITH PIEDRAHITA LLANOS','PRESIDENTE JAC','3213353620','Mz A casa 14','La Nueva Jerusalen','','RAD- DTEP  0079-E','servientrega guia 1122038208','Devolucion al remitente'),(2016949,'2016-03-04','',1,16,'REMISION OFICIO SEÑORA MERCEDES VELASCO, FUE CONTESTADA POR GERARDO LEON MANCERA, SE ARCHIVA','10','3','MERCEDES VELASCO','PRESIDENTE JAC','3214713303','','VEREDA LA ESPAÑOLA','','NO REQUIERE','',''),(2016968,'2016-03-07','',1,21,'ENTREGA DE INFORMES SEMANALES','10','3','DANIEL ARTURO SANCHEZ GUTIERREZ','Representante Legal','3193483405','Calle 20 40 77','Camoa','consorciometapuenteariari@gmail.com','NO REQUIERE','',''),(2016972,'2016-03-07','',1,29,'CONTRATO 126 DE 2011  \"ENTREGA DE PRODUCTOS FINALES DEL CONTRATO\"','10','3','JESUS ALIRIO ROJAS HIGUERA','REPRESENTANTE LEGAL UDEC','6849772','CLL 32 NO. 38 - 74','BARZAL','interventoriasmetaud@hotmail.com','NO REQUIERE','',''),(20161004,'2016-03-08','',1,21,'SOLICITUD DE ACTAS - SE ENTREGO LA INFORMACION AL SEÑOR EN LA OFICINA A LA MANO','10','3','MANUEL A MORENO CARO','','','','','','NO REQUIERE','',''),(20161012,'2016-03-09','ID 303618',1,15,'SOLICITAN LA CONSTRUCCION DE LA SEDE PARA LA ASOCIACION MUJERES CAMPESINAS REGION DEL PARAISO','14','2','MARTHA LIGIA BELTRAN PIÑEROS','Jefe Oficina Asesora de Planeacion','6726764','Dg 19 trv 23 - 02','El Nogal','edesa@edesaesp.com.co','ya se respondio','se respondio el día 16 de febrero de 2016 con el R',''),(20161021,'2016-03-09','',1,17,'SOLICITUD ARREGLO VIA PUENTE CAÑO MIELON','19','1','JOHAN JOSE ROJAS MARTINEZ','CONCEJAL','3212659922','Condominio Say Tomas Mz 3 Casa 1 Acacias - Meta','','','RAD- DTEP  0081-E','servientrega guia 1122038209',''),(20161034,'2016-03-10','',1,29,'RESPUESTA AL TRASLADO DEL DERECHO DE PETICION RADICADO EN LAS OFICINAS DE LA CONCESION VIAL DE LOS LLANOS EL DIA 03 DE MARZO DE 2016.','4','3','JAVIER ALFONSO HERRERA MARTINEZ','Director Juridico','3133333511','Carrera 1 No 14 -  24','Anillo Vial','','RAD-DTEP-0088-E','','se entrega a gabriel el 18-03 para contestarlo,se responde el 30/03/16, se recibe por el guarda del colegio, carlos reyes.'),(20161054,'2016-03-10','ID 309481',1,2,'SOLICITA APOYO PARA LA FORMACION Y DIAGNOSTICO TECNICO DEL DISEÑ VIAL PARA EL PROYECTO DE LA VIA ALTERNA REGIONAL LA LOMA - QUEBRADITAS SAN JOSE DE LAS PALOMAS MUNICIPIO DE ACACIAS HASTA PIÑUELOS, CASERIO DE INSPECCIÓN DE PALMERAS MUNICIPIO DE SAN CA','19','3','JOSE JAIR ECHEVERRY OSPINA','CONCEJAL','3108166505','Carrera 17 No. 106 - 56','El Retorno','josejair65@hotmail.com','RAD-DTEP-0086-E','servientrega guia 1122038227','Devolucion al remitente'),(20161100,'2016-03-14','',1,29,'SOLICITUD A DIANA VIGOLLA SECRETARIA DE INFRAESTRUCTURA DE VILLAVICENCIO','10','3','TERESA TOVAR DE DIAZ','PRESIDENTE JAC','3114404177','Calle 39a 20c 47','Jordan','','NO REQUIERE','',''),(20161109,'2016-03-14','',1,21,'SE SOLICITA SE INFORME QUIEN ES EL SUPERVISOR DEL CONTRATO DEL PUENTE SOBRE EL RIO ARIARI, EN EL MUNICIPIO DE PUERTO LLERAS','10','1','YECID JIMENEZ CASTRO','Secretario de Planeación y Desarrollo económico','3204650466','Alcaldia de Puerto lleras','Palacio Municipal','planeacion@puertolleras-meta.gov.co','NO REQUIERE','via mail','por enviarse la respuesta por correo electronico, no se adjunta soporte digital'),(20161164,'2016-03-16','ID 310177',1,2,'SOLICITAN ARREGLO VIA ALTERNA AL LLANO','19','1','ALBERTO VELASQUEZ','FISCAL VEREDA LA PRADERA','3204665290','Alcaldía Municipal','Vereda La Pradera','','RAD- DTEP  0083-E','servientrega guia 1122038211','Devolución al remitente (NO conocen destinatario)'),(20161115,'2016-03-14','ID 309786',1,2,'SOLICITA COLABORACION PARA DAR SOLUCION A VARIAS NECESIDADES QUE SE PRESENTAN EN LA COMUNIDAD','10','1','PABLO GERMAN RODRIGUEZ','PRESIDENTE JAC','3134073825','Alcaldía Municipal','VEREDA RANCHO GRANDE','','RAD- DTEP  0082-E','servientrega guia 1122038210','Devolucion al remitente'),(20161165,'2016-03-16','ID 310178',1,13,'SOLICITA ARREGLO VIA LA ESPERANZA, LA CUAL COMIENZA ANTES DE CRUZAR EL RIO HUMADEA Y TERMINA EN CAÑO CAMELIAS (BRAZO RIO GUAMAL)','19','1','NELLY ALIPIO','','3142985631','Alcaldía Municipal','humadea finca villa guadalupe','','RAD- DTEP  0084-E','servientrega guia 1122038212',''),(20161181,'2016-03-16','',1,21,'CONTROL SOCIAL A RECURSOS DEL SISTEMA GENERAL DE REGALIAS. CONVOCATORIA FORO DE AUDITORIA VISIBLE','10','1','LUIS HERIBERTO ORJUELA RODRIGUEZ','Coordinador regional llanos','','','','','NO REQUIERE','','se reenvia via mail a todos los participantes de la auditoria visible No. 1'),(20161194,'2016-03-17','ID 310550',1,30,'SOLICITUD APOYO PARQUES INFANTILES, SOLICITA LA COLABORACION CON LA CONSTRUCCION DE 10 PARQUES INFANTILES EN LOS MUNICIPIOS DE VISTA HERMOSA Y PUERTO RICO, META.','16','3','OMAR ESTEBAN SEPULVEDA CARVAJAL','Coronel, Comandante Especifico del Oriente','3164195412','Kilometro 3 Vía el Retorno, San Jose del Guaviare','','ivancar@ejercito.mil.co','RAD- DTEP  0085-E','servientrega guia 1122038226',''),(20161208,'2016-03-18','ID 310833',1,21,'CONTROL SOCIAL A RECURSOS DEL SISTEMA GENERAL DE REGLIAS. CONVOCATORIA FORO DE AUDITORIA VISIBLE.','10','3','LUIS HERIBERTO ORJUELA RODRIGUEZ','COORDINADOR REGIONAL LLANO SMSCE - SGR','6730581','CLL 39 NO. 30A-43 PISO 2','','','NO REQUIERE','','No requiere respuesta'),(20161211,'2016-03-18','ID 310905',1,29,'SOLICITUD DE COBERTURA POLIDEPORTIVO','16','3','MARIA DEL CARMEN DAZA','PRESIDENTE JAC','3138641746','CLL 3 #28B-55','VILLAS DEL PALMAR','','RAD-DTEP 0091-E','servientrega guia 251290759','REALIZA DEVOLUCION AL REMITENTE POR DIRRECCION ERRADA Y NO COMUNICACIÓN CON EL DESTINATARIO, SE ARCHIVA RESPUESTA.'),(20161303,'2016-03-29','ID 311398',1,29,'CONSTRUCCION DE UN PARQUE CON IMPLEMENTOS DEPORTIVOS DE GIMNASIA PASIVA','16','3','LUZ MILA PEÑA PINEDA','Presidente JAC','3125935781','CR 40 # 27 - 51 SUR','URBANIZACION NUEVA JERUSALEN','','RAD-DTEP 0092-E','SER 251290763',''),(20161357,'2016-03-31','ID 312478',1,24,'CONSTRUCTORES ASTCOREST DE RESTREPO META, SOLICITAN SE LES TENGA EN CUENTA EL PERSONAL DE OBRA PARA LOS DISTIANTOS PROYECTOS EJECUTADOS EN LA ZONA DE INFLUENCIA.','10','3','JAIRO ENRIQUE REY','PRESIDENTE ASTCOREST','3114509009','MZ G CS 15','SIMON BOLIVAR','beningnovasquezr@hotmail.com','NO REQUIERE','ENREGA VIA MAIL',''),(20161358,'2016-03-31','ID 312282',1,25,'DISEÑO Y EJECUCION DE PAVIMENTACION DE LA VIA QUE CONDUCE DE LA INSPECCION DE SURIMENA HASTA LA INSPECCION DE DINAMARCA, 21 KM.','19','3','BENIGNO VASQUEZ','PRESIDENTE JAC','3152964609','VEREDA PATAGONIA','VEREDA PATAGONIA','benignovasquezr@hotmail.com','RAD-DTEP 0093','Por email',''),(20161359,'2016-03-31','ID 213224',1,20,'APOYO PARA EL FORTALECIMIENTO EN PROYECTOS PRODUCTIVOS, SUSTENTABLES, SOSTENIBLES.','23','3','NANYIVER ALONSO VARÓN','PRESIDENTE ASOCIACION ASAGUA - MESA DE VICTIMAS DP','3208625704','CR 9 # 35-62','CONJUTNO ROSTOBELO','nayive11@hotmail.com','RAD-DTEP-0094','SERV 251290765',''),(20161363,'2016-03-31','',1,29,'CONTRATO No. 034 DE 2015, RESPUESTA A OFICIO RAD-DTEP 0080-E','10','3','DANIEL ARTURO SANCHEZ GUTIERREZ','REPRESENTANTE LEGAL CONSORCIO META','3193483405','CLL 18 # 40A - 93','VILLAMARIA','intermeta@gmail.com','NO REQUIERE','','PERFIL DE ESPECIALISTA EN SALUD OCUPACIONAL'),(20161916,'2016-05-05','ID 319392',1,29,'SOLICITA EL ARREGLO DE LOS GAVIONES A LA MARGEN DERECHA DEL CAÑO GRANDE','9','3','INES GONSALEZ','VICEPRESIDENTE JAC','3123645601','mz c casa 8 b villa sonia','Villa sonia','erikalisbethrincon18@gmail.com','RAD-DTEP-0145-E','',''),(20161917,'2016-05-05','ID 319402',1,29,'SOLICITA COLABORACION PARA REALIZAR TRABAJOS CON LA AMPLIACION KILOMETRO Y MEDIO MAS ABAJO DEL DIQUE DEL RIO GUATIQUIA A LA MARGEN DERECHA','13','3','GLADYS FRANCO SUTACHAN','','','','PARCELA EL PORVENIR','','RAD-DTEP-0146-E','',''),(20161949,'2016-05-06','ID 319612',1,6,'SOLICITUD PUENTE MARAYAL A LA ENTRADA DEL MUNICIPIO DE CUBBARRAL META','15','3','JOSE CIPRIANO GAITAN','','3143746402','','','','','','este fue remitido por el instituto nacional de vias'),(20161967,'2016-05-10','',1,29,'ENTREGA FORMAL Y REAL DE LOS PRESUPUESTOS EN UNA TOTALIDAD DE 114 FOLIOS PARA LA PAVIMENTACION DE LAS VIAS MENCIONADAS EN LA REFERENCIA','20','3','GIOVANY TORRES','PRESIDENTE JAC','3112524061','cl 22 No 18 - 61','marco antonio pinilla','','RAD-DTEP-0151-E','',''),(20161991,'2016-05-11','ID 320591',1,29,'ENTREGA FORMAL Y REAL DE LOS PRESUPUESTOS EN UNA TOTALIDAD DE 114 FOLIOS PARA LA PAVIMENTACION DE LAS VIAS MENCIONADAS EN LA REFERENCIA','20','3','GIOVANY TORRES','Presidente JAC','3112524061','cl 22 No 18 - 61','marco antonio pinilla','','RAD-DTEP-0151-E','',''),(20162017,'2016-05-12','ID 320842',1,13,'SOLICITAN COLABORACIÓN CON TRBAJO PARA EL GREMIO DE PALERO DEL MUNICIPIO DE GUAMAL','10','3','RODRIGO CAÑON','Representante legal del gremio de paleros de guama','3107259954','Transversal 4a # 10-21','','','','',''),(20162018,'2016-05-12','ID 320867',1,29,'RELACIONAN NECESIDADES DE LA COMUNIDAD DE LA VEREDA CAÑO CABRA Y SOLICITAN COLABORACIÓN','15','3',' BENIGNO ANSOLA','Líde Comunitario','3133185421','','Vereda Nueva Colombia','','RAD-DTEP-0154-E','',''),(20162023,'2016-05-12','ID 319896',1,20,'SOLICITAN UN APOYO DE MATERIALES DE CONSTRUCCION PARA ASI DE ESTA MANERA PODER CONSTRUIR UN LUGAR ADECUADO CON EL FIN DE LLEVAR A CABO ASAMBLEA GENERAL Y REUNIONES EXTRAORDINARIAS','11','3','MELIDA GAITAN BARRERA','Representate legal ASOINDES','3158379783','Casa # 79','UNUMA','melidagaitan@hotmail.com','RAD-DTEP-0155-E','','Contestada por e-mail'),(20160161,'2016-05-16','',1,29,'AMPLIACION DE 1600 MTS DE RED ELECTRICA','10','3','JORGE ENRIQUE PARGA PARGA','','3143563271','MZ 3 CASA 2','VEREDA BELLA SUIZA','fliaparga@hotmail.com','RAD-DTEP-0161-E','VIA MAIL',''),(20162081,'2016-05-16','ID 321153',1,2,'SOLICITUD DE AUDIENCIA PARA EXPLICAR NECESIDADES DEL BARRIO GUARATARA','10','3','OMA FERNAND CASTR BORJ','PRESIDENTE JAC','312375780','Calle 28 #20A- 31','GURATARA','','RAD-DTEP-0162-E','','contestada por e-mail'),(20162118,'2016-05-17','',1,12,'PAVIMENTACION ENTADA DE INSTITUCION CON UNA LONGITUD 720 M2','10','3','DIDYER RAFAEL ROMERO','RECTOR','3176401225','','INSPECCION DE AGUAS CLARAS','joseantoniogalan.edu@gmail.com','RAD-DTEP 163-E','','contestada por e-mail'),(20162119,'2016-05-17','',1,12,'PAVIMENTACION TOTAL DE LA TROCHA 11','19','3','CARLOS JULIO BONILLA','PRESIDENTE JAC','','','VEREDA GUANAYAS TROCHA 11','','RAD-DTEP-0164-E','',''),(20162120,'2016-05-17','',1,12,'SOLICITUD OBRAS DE ADECUACION PARA LA BOCATOMA Y UNA PLANTA PARA OPTIMIZAR EL AGUA','1','3','WILSON MOSQUERA','PRESIDENTE JAC','','','VEREDA EL CRUCERO','','RAD-DTEP-165-E','',''),(20162121,'2016-05-17','',1,12,'CONSTRUCCION DE DOS BOX COULVERT DOBLES EN LA VEREDA','3','3','JOSE OMAR OVIEDO','PRESIDENTE JAC','','vereda las brisas','VEREDA LAS BRISAS','','RAD-DTEP-0165-E','','se contesto el 21-06-16'),(20162132,'2016-05-18','',1,29,'SOLICITUD AMPLIACION RED ELECTRICA','6','3','JORGE ENRIQUE PARGA PARGA','','3143563271','Vereda Bella suiza Mz 3 casa 12','Vereda Bella Suiza','fliaparga@hotmail.com','','','no se tiene el digital ni respuesta'),(20162154,'2016-05-18','ID 321830',1,15,'SOLICITA SE ESTUDIE SOLICITUD DE NECESIDADES QUE RE RELACIONAN','6','1','JAIME PACHECO GARCIA','Alcalde Municipal','','Cra 6a No. 5 - 18','','concejo@uribe-meta.gov.co','RAD-DTEP-0166-E','',''),(20162172,'2016-05-19','ID 322003',1,29,'SOLICITUD PAVIMENTAION VIA CARRETEABLE, ALCANTARILLADO AGUAS NEGRAS Y CAMINOS VEREDALES','19','3','ESTER ACUÑA VARGAS','PRESIDENTE JAC','31777418405','Vereda santa maria baja','VEREDA SANTA MARIA BAJA','alorta1154@hotmail.com','','',''),(20162174,'2016-05-19','ID 322259',1,29,'ALLEGA COPIA OFICIO REMITIDO AL DOCTOR WILMAR BARBOSA ROZO','10','3','LUIS CARLOS MANJARRES','HABITANTE','3125181865','Vereda el carmen','FINCA LAS DELICIAS','','','',''),(20162175,'2016-05-19','ID 322267',1,11,'SOLICITUD ESTUDIOS Y DISEÑOS CONSTRUCCION PUENTE SOBRE EL RIO ARIARI EN LS VEREDAS EL TRIUNF Y COOPERATIVA','15','3','JESUS ANTONIO LONDOÑO ZAPATA','ALCALDE','3134905635','Carrera 13 N 10-58','CENTRO','londonozf12@gmail.com','RAD-DTEP-0168-E','',''),(20162282,'2016-05-23','ID 323429',1,23,'ejecución de proyecto de electrificación rural interconectada para la vereda san vicente bajo del municipio puerto rico-meta.','6','3','LUIS ANTONIO ARIAS','presidente JAC','3143900933','','Vereda san vicente','','RAD-DTEP-0131-E','',''),(20162227,'2016-05-24','',1,16,'Solicitud de diseños para la construcción de un puente','15','3','DIANA MARIA CUELLAR','SECRETARIA DE OBRAS PÚBLICAS','','Carrera 12 #06-35','CENTRO','alcaldia@lejanias-meta.gov.co','RAD-DTEP- 0169-E','',''),(20162237,'2016-05-24','ID 322802',1,9,'solicitud de los puentes sobre el rio la cal la esperanza','15','3','DAVID MARTINEZ','PRESIDENTE SINTRAGRIM','3133120761','Calle 37d #26-65 Tercer piso','','sitagrimmeta@gmail.com','RAD-DTEP 0171-E','',''),(20162238,'2016-05-24','ID 322701',1,13,'SOLICITAN SEAN TENIDO EN CUENTA PARA TRABAJO.','10','3','RODRIGO CAÑO','REPRESENTANTE DE ASOPALMA','3107259954','Trv 4a #10-21','','asociaciondepaleros@hotmail.com','RAD-DTEP-0170-E','',''),(20162239,'2016-05-24','ID 322884',1,5,'SOLICITAN AYUDA URGENTE','13','3','JEFFERSON EDUARDO DIAZ','LÍDER COMUNITARIO','0386750075','Cll 6 #8-12','CENTRO','cgutierrez@castillalanueva.gov.co','RAD-DTEP-0172-E','',''),(20162240,'2016-05-24','ID 322889',1,5,'Solicitud de recursos financieros al proyecto','18','3','ESPERANZA MEZMA LLOREDA','DIRECTORA DE INFRAESTRUCTURA MINTRANSPORTE','','Cll 6 #8-10','CENTRO','','RAD-DTEP-0133-E','',''),(20162261,'2016-05-25','ID 323173',1,22,'Solicita construcción nuevo alcantarillado, cambio de tuberia de agua potable, construccin de recector de aguas lluevias, construccin de parque para rereaion y constuccion de sardineles','2','3','POMPILIO RODRIGUEZ NARVAEZ','Líder comunitaria','3187283903','Cll 41 #33-48','San isabel','carlosmv123@hotmail.com','RAD-DTEP-0173-E','',''),(20162277,'2016-05-26','',1,12,'Construccion de un polideportivo junto con un parque para niños','16','3','GRACIELA MORALES GARCIA','PRESIDENTA JAC','320-8273799','Cll 40 8-54','BULEVAR ETAPA 1','','RAD-DTEP-0174-E','GUIA#251290887',''),(20162284,'2016-05-26','ID 323530',1,29,'Arreglo de la via vereda el paraíso','19','3','LILIANA MARIA FLOREZ','PRESIDENTA JAC','3118060755','','VEREDA EL PARAISO','ilianaflorezcd@hotmail.com','RAD-DTEP-0175-E','',''),(20162290,'2016-05-27','',1,8,'Solicita una copia de los estudios y diseños del puente localizado en la quebrada moreno','19','3','RODRIGO ROMERO','EX ALCALDE DE EL CALVARIO META','3123967950','Calle 10 #47-53','','','RAD-DTEP-0176-E','',''),(20161382,'2016-04-01','',1,22,'DERECHO DE PETICION ART 23 C.N.P.','4','2','MANUEL ALFREDO MORENO CARO','PRESIDENTE VEEDURIA PUENTE ARIARI','3125293390','CR 3 N. 6B-12','CENTRO','','RAD-DTEP 0098','PENDIENTE GUIA',''),(20161399,'2016-04-04','ID 312988',1,12,'PAVIMENTACION DE LA U BARRIO EL BOSQUE Y VÍA HACIA EL BARRIO CIUDAD FLORIDA  Y EL PROYECTO DE MEJORAMIENTO DEL POLIDEPORTIVO EN CONSTRUCCION','20','3','LUZ MERY RUBIOI MAYORGA','PRESIDENTE JAC','3108538707','MZ 10 CS 11','EL BOSQUE','','RAD-DTEP 0096','SERV 251290764','SE COMUNICARON CON EL DESTINATARIO PERO NUNCA RECOGIO EL COMUNICADO FUERON DOS FECHAS DE COMPROMISO, SE ARCHIVA EL DOCUMENTO.'),(20161452,'2016-04-07','ID 314197',1,29,'DISEÑO DE PUENTE PEATONAL ENTRE EL BARRIO CHARRASCAL Y RINCON DE LAS LOMAS','15','3','LUZ BELINDA FRANCO RENDON','LIDER COMUNITARIO','3112451886','CASA 11','CHARRASCAL','','RAD-DTEP 0095','SERV 251290767','SE ENVIA A LA DIRECCION REMITIDA POR EL SOLICITANTE LA EMPRESA DE TRANSPORTE NO ENCUENTRA DIRECCION Y NO PUEDE COMUNICARSE CON EL DESTINATARIO SE ARCHIVA RESPUESTA.'),(20161471,'2016-04-08','',1,2,'SOLICITUD DE ELECTRIFICACION VEREDA MARACAIBO','6','1','ALVARO ALDENIS BARRERO VELASQUEZ','CONCEJAL','3208556552','CR 13 N. 8-75','CENTRO','concejo@vistahermosa-meta.gov.co','RAD-DTEP-0099','SERV 251290770','cuenta con licencia de cormacarena y la viabilidad del proyecto (verificar porque no esta en documento adjunto).'),(20161499,'2016-04-12','',1,29,'SOLITUD DISEÑOS DEFINITIVOS FASE 3 VÍA PUERTO LOPEZ','10','3','ING. MANUEL EDUARDO HERRERA PABON','SECRETARIO MUNICIPAL','6715666','CLL 40 N. 33-64 EDIF. ALCALDIA VILLAVICENCIO','','','NO REQUIERE','','SE ENTREGA VIA MAIL A RICHARD Y FERNANDO EL 13-04-2016 PARA RESPUESTA.'),(20161501,'2016-04-12','',1,29,'INFORMES SEMANALES CONTRATO N. 002 DE 2015 CONSTRUCCION PUENTE VEHICULAR SOBRE EL RIO ARIARI EN EL MUNICIPIO DE PUERTO LLERAS META, ORINOQUIA.','1','3','RAUL BERMUDEZ BERMUDEZ','COORDINADOR INTERVENTORIA CONSORCIO META','3193483405','CLL 20 N. 40 - 77','','consorciometapuenteariari@gmail.com','NO REQUIERE','','SE ENTREGA A MILENA PARA ARCHIVAR'),(2017427,'2017-02-01','',1,12,'pavimentación de vías del barrio camilo torrez','20','3','Nancy Barreto Daza','Presidenta JAC','3123968624','calle 10 No 15-118','Camilo Torrez','','','',''),(2017428,'2017-02-01','ID 361994',2,2,'Entrega de información solicitada por el juzgado primero municipal con funciones control de garantías.','1','1','Cesar Augusto Rey Duarte','Secretario de Infraestructura Acacias Meta','8-6569466','','','','','','Contesta Richard'),(2017429,'2017-02-01','ID 361886',1,7,'copia de oficios dirigido a sr. Juan Jose Casasfranco','16','3','Rigoberto Rodriguez Garzon','Presidente JAC','3124179517','','el Oasis','','','',''),(2017431,'2017-02-01','',1,12,'pavimentacion vias urbanas','20','3','Juan Carlos Godoy','Presidente JAC','3219412977','','la Gloria','jacbarriolagloriagranada@gmail.com','','',''),(2017432,'2017-02-01','',1,12,'construcción de punto biosaludable','16','3','Juan Carlos Godoy','Presidente JAC','3219412977','','la Gloria','jacbarriolagloriagranada@gmail.com','','',''),(2017433,'2017-02-01','',1,12,'construcción 140 mts sardineles, parque barrio la gloria','11','3','Juan Carlos Godoy','Presidente JAC','3219412977','','la Gloria','jacbarriolagloriagranada@gmail.com','','',''),(2017443,'2017-02-01','',2,7,'proyecto de infraestructura eléctrica viabilizado por la EMSA, por el valor de $1.500.000 mil quinientos millones de pesos, este proyecto beneficiara a las veredas a 70 familias ubicadas en las veredas de: San Joaquín, Juan Pablo II, Chepero Alto y l','6','3','OBDULIO GORDILLO LEON','Fiscal de Obras','3133267331','Mz 27 casa 24 ','nueva colombia 1','','','',''),(2017456,'2017-02-01','ID 362013',2,12,'solicita sean  incluidas al proyecto de electrificacion seis viviendas ubicadas en la vereda la isla.','6','3','Jorge Enrique Rengifo','Presidente JAC','3224122692','','vereda la isla, granada meta','','RAD-DTEP 0038 – E','',''),(2017482,'2017-02-02','ID 362196',1,2,'solicitan colaboración para la pavimentación de la calle 28 entre las carreras 14 y 21 del barrio guaratara 1','20','3','Omar Fernando Castro','Presidente JAL','3123757078','calle 25 No 20A -31','guaratara 1','abello.j@hotmail.com','','',''),(2017483,'2017-02-02','ID 362222',1,26,'reparación de dos puentes colgantes  de la vereda sardinata','11','3','SILVIA JULIANA FERNANDEZ DIAZ','Presidente JAC','3105721843','','vereda sardinata  -san juan de arama','sjulianafernandezdiaz@gmail.com','RAD-DTEP 0030 – E','email',''),(2017484,'2017-02-02','ID362160',1,12,'construcción de salón comunal','11','3','Juan Carlos Godoy','Presidente JAC','3219412977','','la Gloria','jacbarriolagloriagranada@gmail.com','','',''),(2017493,'2017-02-02','',1,17,'presentacion y solicitud recursospara el proyecto','23','1','Alexander Mejia Buitrago','Alcalde','3125212692','calle 5 No. 21 - 28','Centro','alcaldia@mapiripan-meta.gov.co','RAD-DTEP 0031 – E','email',''),(2017496,'2017-02-03','',2,12,'solicitud construccion de puente vehicular en la carrera 13','11','1','Rodney Francisco Ñustes Diaz','Secretario de planeacion e infraestructura','','crr 14 No 14 -74','centro','secretariaplaneacion@granada-meta.gov.co','','',''),(2017498,'2017-02-03','',2,12,'1- pavimentacion intersecciones viales faltantes en carrera 9.','20','1','Rodney Francisco Ñutes Diaz','Secretario de planeacion e Infraestructura','','','','secretariadeplaneacion@granada-meta.gov.co','','','contesta Richard. hay dos peticiones'),(2017501,'2017-02-03','',1,13,'mejoramiento planta fisica , centro educativo rural de guamal','5','3','Johan Abello Orjuela','Docente','3124522171','','','abello.j@hotmail.com','','',''),(2017524,'2017-02-06','ID 347004',2,22,'solicitud pavimentación de la calle  21 a y transversal  Urbanizacion clemente camargo','20','1','Dain Antonio Heraque ','Presidente JAC','3115196343','','Urbanizacion clemente camargo','','','',''),(2017525,'2017-02-06','ID 362683',2,22,'construccion de un polideportivo junto con un gimnasio al aire libre','16','3','Lucila Loaiza Rada','Presidenta JAL','3132804574','','','','','',''),(2017563,'2017-02-07','ID 362996',1,22,'solicitan apoyo y colaboracion para la construccion  del puente , el arreglo de la via los japoneses  y continuar con el proyecto de electrificacion ,y pueda llegar a mas de 120 predios de la vereda la serrania.','18','3','Alfonso Rodriguez','Comité de Hidrocarburos','3214685901','','','laserraniajac@gmail.com','RAD-DTEP 0029 – E','email',''),(2017566,'2017-02-07','ID 362991',2,22,'solicita colaboracion con el arreglo y pavimentación de la carretera de la vía murujui al tigre.','18','3','Jorge Angel Carrillo','Presidente JAC','3115978940','','vereda el tigre','','','',''),(2017570,'2017-02-07','',2,7,'mejoramiento de las vías del sector caney  medio, 520 mts de cunetas revestidas y 1000 mts descole alcantarillado.','20','3','Aristobulo Linares Castillo','Presidente JAC','3197865739','','','aristi2016@outlook.es','','',''),(2017604,'2017-02-08','ID 36306',2,28,'Solicitud de construir el Parque recreacional Bodas de Oro. ','16','1','Hilda María Herrera Rojas','Presidente Junta ','3138299692 ','Calle 20 N° 4-13','Once de Noviembre ','juntadeaccioncomunal11denoviem@hotmail.com ','RAD-DTEP 0053 – E','',''),(2017605,'2017-02-08','',1,21,'investigacion accidente de trabajo','10','3','kelly arnold pulido','Director de interventoria','','','','','','email','se entrega a milena castaño'),(20161507,'2016-04-12','ID 315123',1,2,'MEJORAS EN TEMAS DE ALCANTARILLADO, PAVIMENTACION DE VÍAS, CONSTRUCCION DE POLIDEPORTIVO Y REFORZAMIENTO DE JARILLON UBICADO SOBRE LA RONDA DEL CAÑO COLA DE PATO - URBANIZACION VILLA MANUELA DEL MUNICIPIO DE ACACIAS.','16','1','GLORIA MERY DIAZ CUBIDES','','3114914505','CR 20 N. 18-43','MANCERA','','RAD-DTEP-00100','SERV 251290769',''),(20161519,'2016-04-13','',1,29,'PRESUPUESTO PARA LA TERMINACIÓN DE LA REMODELACION DE ANDENES Y PISOS, E INSTALACION DE MAS ELEMENTOS RECREATIVOS DE LA URBANIZACION MARIA PAZ.','16','3','MARTA IVED PARRADO PARRADO','PRESIDENTE JAC','3134909171','CR 44A # 18-21 sur','URBANIZACION MARIA PAZ','','RAD-DTEP 00101-E','15-04-2016',''),(20161575,'2016-04-13','',1,29,'MANTENIMIENTO, ADECUACIÓN, MEJJORAMIENTO Y REHABILITACIÓN DE VIAS TERCIARIAS CON APOYO A SECUNDARIAS A TRAVES DE LA CONFORMACION DEL BANCO DE MAQUINARIA DE MUNICIPIO DE PUERTO LOPEZ, META.','19','1','CLARA EUNICE POVEDA ROA','Directora Departamento Administrativo de Planeació','6818500','Carrera 33 No 38-45 Centro piso 4','','planeacion@meta.gov.co','','Asignado el día 01/06/16 al arquitecto camilo balc',''),(20161601,'2016-04-15','ID 316133',1,29,'SOLICITUD DE LA PAVIMENTACIÓN DE LA CALLE 27','20','3','NESTOR JULIO RIVEROS LADINO','LIDER COMUNITARIO','3104869977','Calle 27 #17A este 108','San carlos','','RAD-DTEP 0122-E','guía servientrega 251290801',''),(20161611,'2016-04-18','ID 316483',1,29,'SOLICITA COLABORACIÓN CN EL PREDIO DEL BARRIO EL RODEO, SE CNSTRUYA UNA CANCHA MÚLTIPLE, YA QUE NO EXISTEN ÁREAS DEPORTIVAS','16','3','ELIZABETH CASTRO','Representante KIWANIES','3212301802','Cll 37I #15-38B','la esperanza 8va etapa','','RAD-DTEP 0123-E','GUIA SERVIENTREGA 251290802',''),(20161652,'2016-04-19','ID 3116787',1,21,'SOLICITA COLABORACIÓN EN LA REMODELACIÓN DEL MURO EN LADRILL DEL POLIDEPORTIVO DEL BARRIO','16','3','JOSE IGNACIO MORENO','PRESIDENTE JAC','3133576158','Cra 16 #15-59','Popular','','RAD-DTEP 0126-E','GUIA SERVIENTREGA 251290807',''),(20161653,'2016-04-19','ID 316726',1,8,'SOLICITA APOYO PARA MEJORAR LA VIA CARRETEABLE QUE DE ESA JURISDICCION CONDUCE A QUETAME','19','3','MIGUEL ALIRIO VELASQUEZ PEREZ','Presidente JAC','3108562967','carrera 4 No. 2 - 26','san francisco','jacsanfranciscometa@hotmail.coom','RAD-DTEP-0125-E','',''),(20161654,'2016-04-19','ID 316794',1,29,'AGRADECEN LA OBRA REALIZADA EN SAN LUIS DE OCOA, COMO FUE LA CONSTRUCCION DE 1800 MTS DE VÍA PARA LOS FINQUEROS Y LOS NIÑOS PERO QUEDA UN TRAMO DE 1400 MTS PENDIENTEs','19','1','LUZ MARINA BERNAL','PRESIDENTE JAC','3212409464','Km 10 via a acacias','vereda san luis de ocoa','','RAD-DTEP-0124-E','servientrega 251290803',''),(20161686,'2016-04-20','ID 316861',1,7,'SOLICITAN SE LES SOLUCIONE ALGUNAS PROBLEMATICAS','19','3','LUIS ARIEL PARRADO','Lider comunitario','3213074006','','vereda sn juanito','','RAD-DTEP-0127-E','',''),(20161705,'2016-04-21','ID 316923',1,2,'PROYECTO 002 PUENTE CAÑOS NEGROS Y ARRREGLO DE CARRETERA DESDE EL SECTOR DE CAÑOS NEGROS A LA QUEBRADA LAS BLANCAS VEREDA SAN CRISTOBAL','15','3','GLADIS PINZON RODRIGUEZ','PRESIDENTE JAC','3123197618','cr 36 No. 7b - 11','independencia 4 etapa','','RAD-DTEP-0128-E','servientrega 251290805',''),(20161720,'2016-04-22','ID 316991',1,16,'SOLICITAN APOYO EN LA CONSTRUCCION DEL PUENTE DE LA VEREDA','19','1','PATRICIA SANCHEZ','PRESIDENTE JAC','','','vereda buenos aires','','RAD-DTEP-0137-E','',''),(20161721,'2016-04-22','ID 317005',1,9,'ENTREGA DE PROYECTO CONSTRUCCION DE CANAL EN CONCRETO REFORZADO EN EL CENTRO POBLADO DE MEDELLIN DEL ARIARI, MUNICIPIO DE CASTILLO','11','1','ELIECER URREA MORENO','Alcalde','3123044831','cr 8 No 0 - 38','','Alfonso meneses','','RAD-DTEP-0136-E',''),(2017641,'2017-02-09','',2,1,'A','1','1','','','','','','','','',''),(2017635,'2017-02-09','',2,3,'Averigua si hay un proyecto de pavimentación de la vía  Barranca de Upia a Cabuyaro','18','1','José Humberto Morales Gil','','3173758764 ','C19 A No. 5 A - 52 ','Juan Pablo II',' josemoralesgil2014@gmail.com ','','','Arq. Richard sabe algo de este proyecto?'),(2017693,'2017-02-13','',1,29,'construcción puente ocoa','10','3','Ana Clavijo','Presidente JAL','3134997112','finca tabary Km 13 vía puerto lopez','','corregimiento7@gmail.com - inelda1213@gmail.com','','','se asigna a oscar viscaino para tramitar la respuesta'),(2017694,'2017-02-13','',1,29,'traslado petición con rad. No.sim 0128 del 30 de enero de 2017 de la secretaria de infraestructura de villavicencio, intervención puente ocoa','10','1',' Lida Mercedes Sarmiento Velásquez','','','','','valentinabojaca@hotmail.com','','','se asigna a oscar vizcaino por e-mail para que se tramite la respuesta'),(2017706,'2017-02-13','',2,1,'A','1','1','','','','','','','','',''),(2017707,'2017-02-13','',2,1,'A','1','1','','','','','','','','',''),(2017721,'2017-02-13','',2,1,'A','1','1','','','','','','','','',''),(2017746,'2017-02-14','',2,1,'A','1','1','','','','','','','','',''),(2017771,'2017-02-14','',2,1,'A','1','1','','','','','','','','',''),(2017774,'2017-02-14','',2,1,'A','1','1','','','','','','','','',''),(2017777,'2017-02-14','',2,1,'A','1','1','','','','','','','','',''),(2017780,'2017-02-14','',2,1,'A','1','1','','','','','','','','',''),(2017665,'2017-02-10','',2,22,'radicación proyectos','15','1','Alejandro Jimenez Neira','Secretario de Infraestructura','(8) 6450412','cl 6 4 40','centro','secplaneacion@puertolopez-meta.gov.co','RAD-DTEP 0035 – E','email','se asigna a breinner'),(2016271,'2016-01-26','',1,13,'proyecto acueducto de la vereda san pedro ','14','3','LUIS ALBERTO CUASTUMAL','','3102746102','cr 25 19a - 16','','','RAD-DTEP-0007-E','radicado en edesa','no se encuentra el fisico ya que se envio todo a edesa.'),(2016276,'2016-01-26','',1,22,'Visita a la administración vial grupo dos sede en puerto gaitan','21','3','ANA RUTH PALACIOS TURRIAGO','secretaria JAC','','','','','NO REQUIERE','','richard mancera subg. de proyectos'),(2016317,'2016-01-28','',1,14,'Visita a la administración vial grupo dos sede en puerto gaitan','21','3','PAUBLINO ARAUJO','VICEPRESIDENTE JAC','','','VEREDA LA ESMERALDA','alcaldia@lamacarena-meta.gov.co','RAD-DTEP-0008-E','\"servientrega g uia  1125111120\"',''),(2016318,'2016-01-28','ID 301703',1,29,'solicita concretar una reunion con la gobernadora para exponer proyectos que apoyen el desarrollo competitivo del departamento del meta','10','1','GUSTAVO ORDOÑEZ DE LOS RIOS','gerente de creSIENDO','3108169334','Calle 27 No. 44c - 274 Torre 9 Apto 202',' Buque','','RAD-DTEP-0009-E','\"servientrega g uia  1125111121\"',''),(2016342,'2016-02-01','ID 302016',1,29,'acondicionamiento del parque con gimnasio al aire libre','16','3','CARLOS EDUARDO VANEGAS','LIDER COMUNITARIO','','JUNTA DE ACCION COMUNAL DE LA CIUDADELA SAN JORGE','','','RAD-DTEP-0010-E','servientrega guia 1125111122','\"22  DEVOLUCION AL REMITENTE, faltan datos en la direccion\"'),(2016349,'2016-02-01','ID 302213',1,19,'solicita le colaboren con el proyecto para realizar 30 pozos cachameros, ya que la maquinaria se encuentra realizando trabajos en ese sector, igualmente solicitan que el rompeolas que estan construyendo para que el rio no se desborde se haga lo mejor','24','1','OMAR DANILO AGUILAR','REPRESENTANTE LAEGAL ASOFAPROMEGUA','3213531131','\"Carrera 17 No. 9 - 29 Barrio el porvenir San Jose del Guaviare\"','VEREDA PLAYA ALTA','','RAD-DTEP-0011-E','\"servientrega guia  1125111124\"','se recibe devolucion al remitente por concepto, no fue posible su entrega se genera su devolucion'),(2016365,'2016-02-02','',1,12,'solicitan reparacion de la via que de vista hermosa conduce a las veredas de SAN JOSE JAMUCO, BOCAS DE TALANQUERAS, ALTO CUNIMIA, LAS DELICIAS, MATADE BAMBU, EL DIAMANTE, BRISAS DEL GUEJAR, VILLA LA PAZ, CAÑO RAYADO Y CHARCO TRECE','19','3','NESTOR GUILLERMO PADILLA PRIETO','EL ESTERO','3118087763','Carrera 13 No. 8 - 34','\" Barrio el Estero Granada Meta\"','ngpadilla@hotmail.com','RAD-DTEP-0012-E','\"servientrega g uia  1125111123\"',''),(2016388,'2016-02-03','ID 302441',1,29,'solicitud de mejoramiento del corrredor vial principal del corregimiento 6','17','3','JAIME PULIDO','','','','','','RAD-DTEP-0013-E','servientrega guia 1125111125','DEVOLUCION AL REMITENTE, no lo conocen no contestan el telefono'),(2016389,'2016-02-03','',1,30,'solicitud arreglo vias vista hermosa','17','3','','','3118087763','\"Carrera 13 No. 8 - 34 Barrio el Estero Granada Meta\"','','\"Carrera 13 No. 8 - 34 Barrio el Estero Granada Me','RAD-DTEP-0012-E','\"servientrega guia  1125111123\"',''),(2016410,'2016-02-04','ID 302667',1,9,'solicitud de canalizacion del rio ariari en la vereda carmen uno bajo','13','1','ELSA SUAREZ MUR','','3108609764','\"Carrera 7 No. 8 - 30 Barrio Nueva Esperanza El Castillo\"','','','RAD-DTEP-0014-E','servientrega guia 1125111126',''),(2016411,'2016-02-04','ID 302623',1,30,'solicitan reparacion de la via que de vista hermosa conduce a las veredas de SAN JOSE JAMUCO, BOCAS DE TALANQUERAS, ALTO CUNIMIA, LAS DELICIAS, MATADE BAMBU, EL DIAMANTE, BRISAS DEL GUEJAR, VILLA LA PAZ, CAÑO RAYADO Y CHARCO TRECE','19','3','NESTOR GUILLERMO PADILLA PRIETO','','3118087763','\"Carrera 13 No. 8 - 34 Barrio el Estero Granada Meta\"','','ngpadilla@hotmail.com','RAD-DTEP-0015-E','servientrega guia 1125111127',''),(2016412,'2016-02-04','ID 302690',1,30,'intervencion de vias en los municipios de vista hermosa, lejanias, mesetas y puerto rico','19','3','CHRISTIAN E. RODRIGUEZ GUTMANN','','','\"Calle 20 No 40 - 62/64 Barrio Camoa\"','','crodriguez@mapp-oea.org','RAD-DTEP-0016-E','servientrega guia 1125111128',''),(2016447,'2016-02-08','ID 303041',1,11,'solicitud de unidad sanitaria de la institucion educativa Rafael Pombo, del polideportivo y acueducto de la vereda','11','3','OMAR CASTILLO','','','\"Junta de Accion Comunal Vereda Caño Blanco\"','','','RAD-DTEP-0017-E','servientrega guia 1125111129',''),(2016450,'2016-02-08','ID 302901',1,7,'solicitan un escenario deportivo','11','3','\"JOSE GUILLERMO PRIETO LOPEZ Presidente Junta de Acción Comunal Inspección de Presentado \"','','','\"Carrera 32b No. 6a - 19 Villavicencio\"','','jgprietolo@gmail.com','RAD-DTEP-0019-E','servientrega guia 1125111131',''),(2016448,'2016-02-08','ID 303033',1,21,'solicitud electrificacion para la vereda','6','3','HEIVER ANTONIO VIVAS GONZALEZ','Presidente Junta de Accion Comunal','3203252279','','\" Vereda El Caribe\"','','RAD-DTEP-0018-E','servientrega guia 1125111130',''),(2016451,'2016-02-08','ID 303232',1,29,'solicitan la construccion de un parque bio saludable y una pista de patinaje','11','3','CRUCELINA ROJAS','','','Calle 7 No. 6a - 50','AY MI LLANURA','','RAD-DTEP-0020-E','servientrega guia 1125111132',''),(2016454,'2016-02-08','ID 303320',1,21,'solicitud construccion de aulas y electrificacion','6','3','\"VICTOR ANDRES TAPIAS Presidente Junta Acción Comunal Vereda Alto Manacacias\"','','','\"Alcaldia Fuente de Oro Carrera 5 No. 6a - 28\"','','','RAD-DTEP-0023-E','servientrega guia 1125111135',''),(2016455,'2016-02-08','ID 303055',1,11,'solicitan funcionamiento puesto de salud, alcantarillado y acueducto y otros','24','3','\"ARMANDO HERNANDEZ ZAMBRANO Presidente Junta Acción Comunall Inspección Unión del Ariari\"','','','\"Alcaldia Fuente de Oro Carrera 13 No. 10 - 58 Centro\"','','','RAD-DTEP-0024-E','servientrega guia 1125111136',''),(2016456,'2016-02-08','ID 303052',1,11,'propone dar bienestar a abuelos desprotegidos, niños desamparados, madres cabeza de familia y otros dentro de sus necesidades. Solicita una reunion urgente con la gobernadora ','23','1','JESUS ANTONIO LONDOÑO ZAPATA','ALCALDE','3105563259','\"Alcaldia Fuente de Oro Carrera 13 No. 10 - 58 Centro\"','','londonozf12@gmail.com','RAD-DTEP-0025-E','servientrega guia 1125111145',''),(2016457,'2016-02-08','ID 303074',1,11,'relaciona necesidades de la comunidad como vivienda rural, mantenimiento de la via trocha 7 y otras','19','1','ARQUIMIDES ROMERO','PRESIDENTE JAC','','\"Alcaldia Fuente de Oro Carrera 13 No. 10 - 58 Centro\"',' VEREDA MOGOTES','','RAD-DTEP-0026-E','servientrega guia 1125111144',''),(2016046,'2016-02-08','',1,11,'solicitan colaboracion con algunas necesidades como unidad sanitaria, dos tanques para el agua y otros','22','3','PEDRO SAAVEDRA','PRESIDENTE JAC','','\"Alcaldia Fuente de Oro Carrera 13 No. 10 - 58 Centro\"','VEREDA BARRANCO COLORADO','','RAD-DTEP-0027-E','servientrega guia 1125111143',''),(2016465,'2016-02-08','ID 303394',1,8,'solicita colaboracion con algunas necesidades como recuperar el buen estado de las calles publicas, ampliar y remodelar y acondicionar gran parte del bloque A de la institucion educativa colegio Simon Bolivar','20','3','MIGUEL ALIRIO VELASQUEZ PEÑA','PRESENTE JAC','3108562967','\"Carrera 4 No. 2 - 26 San Francisco - Meta\"','SAN FRANCISCO','jacsanfranciscometa@hotmail.com','RAD-DTEP-0028-E','servientrega guia 1125111142',''),(2016459,'2016-02-09','ID 303748',1,29,'SOLICITUD POLIFUNCIONAL BARRIO EL SALITRE','16','3','JOSE MARIA DOMINGUEZ','PRESIDENTE JAC','3208321377','SM 1 CASA 12','URBANIZACION SALITRE','','RAD-DTEP-0059-E','servientrega',''),(2016488,'2016-02-09','',1,21,'Visita predio propietaria Señora Luz Diva Garcia','10','3','CONSORCIO META','','','Calle 20 No. 40 -77','\" Barrio Villa Maria Villavicencio - Meta\"','consorciometapuenteariari@gmail.com','NO REQUIERE','','este radicado se encuentra en la AZ del proyecto, contrato puente puerto lleras'),(2016489,'2016-02-09','',1,29,'entrega informes semanales','10','3','CONSORCIO META','','','Calle 20 No. 40 -77','\" Barrio Villa Maria Villavicencio - Meta\"','consorciometapuenteariari@gmail.com','NO REQUIERE','','se encuentran en el proyecto'),(2016494,'2016-02-09','ID 303617',1,15,'solicita la construccion de la caseta comunal','11','3','JAVIER MONTOYA RUBIO','PRESIDENTE JAC','','\"Alcaldia Uribe Carrera 6 N. 5-18 Alcaldía Municipal  \"','VEREDA PARAISO','alcaldia@uribe-meta.gov.co','RAD-DTEP-0029-E','','servientrega guia 1125111141'),(2016496,'2016-02-09','ID 303623',1,15,'solicitud destinacion de recursos para la adecuacion de los centros turisticos del municipio de uribe meta','11','1','JAIME PACHECO GARCIA','','','\"Alcaldia Uribe Carrera 6 N. 5-18 Alcaldía Municipal  \"','','alcaldia@uribe-meta.gov.co','RAD-DTEP-0030-E','servientrega guia 1125111140',''),(2016497,'2016-02-09','ID 303620',1,15,'solicitud destinacion de recursos para la construccion de obras de urbanismo y placa deportiva del proyecto vivienda del municipio de la uribe','11','1','JAIME PACHECO GARCIA','ALCALDE','3203393002','\"Alcaldia Uribe Carrera 6 N. 5-18 Alcaldía Municipal  \"','','alcaldia@uribe-meta.gov.co','RAD-DTEP-0031-E','servientrega guia 1125111137',''),(2016498,'2016-02-09','ID 303762',1,29,'comunidad del corregimiento 6 de villavicencio solicitan el arreglo de la via que conduce a la bocatoma de acueducto','19','3','YOLANDA PARRADO','','3142948271','\"Calle 4 s No. 52 - 16 Llano Lindo Villavicencio - Meta\"','','yoju_0410@hotmail.es','RAD-DTEP-0032-E','servientrega guia 1125111147',''),(2016499,'2016-02-09','ID 303748',1,29,'solicitud polifuncional urbanizacion el salitre','4','3','JOSE MARIA DOMINGUEZ','','3208321377','\"SM1 mz i casa 12 Urbanizacion salitre\"','','','\"RAD-DTEP-0059-E y RAD- DTEP-0060-E\"','servientrega guia 1125111160','SE ENVIO RESPUESTA AL PETICIONARIO Y AL DOCTOR EDUARDO GONZALEZ PARDO'),(2016520,'2016-02-11','ID 303623',1,15,'SOLICITUD DESTINACION DE RECURSOS PARA LA ADECUACION DE LOS CENTROS TURISTICOS DEL MUNICIPIO','16','3','JAIME PACHECO GARCIA','ALCALDE','3203393002','CR 6 5 18','CENTRO','alcaldia@uribe-meta.gov.co','RAD-DTEP-0035-E','servientrega',''),(2016560,'2016-02-15','ID 303618',1,15,'SOLICITAN LA CONSTRUCCION DE LA SEDE PARA LA ASOCIACION MUJERES CAMPESINAS REGION DEL PARAISO','11','3','BELMA MARIN RUBIO','REPRESENTANTE LEGAL','3102394430','CR 7 4 56','CENTRO','','RAD-DTEP-0036-E','servientrega',''),(2016572,'2016-02-15','',1,20,'A','10','3','','','','','','','','',''),(2016573,'2016-02-15','',1,30,'A','20','3','','','','','','','','',''),(2016574,'2016-02-15','ID 304545',1,15,'SOLICITUD DESTINACION DE RECURSOS PARA PROLONGACION DE PAVIMENTACION VIA PRINCIPAL INSPECCION DE LA JULIAY CENTRO POBLADO EL DIVISO','19','1','JAIME PACHECO GARCIA','ALCALDE','3143664549','Cra 6 No. 5 -18 Palacio Municipal','','alcaldia@uribe-meta.gov.co','RAD-DTEP-0061-E','servientrega guia 1125111161',''),(2016575,'2016-02-15','',1,1,'A','10','3','','','','','','','','',''),(2016583,'2016-02-15','',1,7,'A','1','3','','','','','','','','',''),(2016595,'2016-02-16','',1,29,'A','20','3','','','','','','','','',''),(2016642,'2016-02-17','',1,29,'A','10','3','','','','','','','','',''),(2016673,'2016-02-18','',1,15,'A','11','3','','','','','','','','',''),(2016674,'2016-02-18','',1,12,'NECESIDADES Y PROYECTOS EN EL BANCO DE PROYECTOS PARA LA VEREDA SANTA ELENA MUNICIPIO DE GRANDA META','18','1','JORGE GABRIEL ORTIZ CLAVIJO','PRESINDENTE JAC','3138766698','CLL 16 #12-05','VEREDA SANTA HELENA','yalinet.granada@hotmail.com','','','ENTREGA EXTRATIEMPO POR PARTE DE FARIDE. Se decide no contestar ya que faride  no contesta.'),(2016675,'2016-02-18','',1,12,'A','19','3','','','','','','','','',''),(2016676,'2016-02-18','',1,12,'A','16','3','','','','','','','','',''),(2016677,'2016-02-18','',1,29,'A','10','3','','','','','','','','',''),(2016680,'2016-02-18','',1,17,'A','11','1','','','','','','','','',''),(20160681,'2016-02-18','',1,12,'A','19','3','','','','','','','','',''),(2016682,'2016-02-18','',1,12,'A','19','3','','','','','','','','',''),(2016683,'2016-02-18','',1,16,'A','13','3','','','','','','','','',''),(2016684,'2016-02-18','',1,27,'A','10','3','','','','','','','','',''),(2016,'2016-02-19','',1,18,'A','19','3','','','','','','','','',''),(2016699,'2016-02-19','',1,13,'COTIZACION TRNASPORTE DE ASFALTO SEÑOR AELEY MONROY FIERRO FLORENCIA CAQUETA','10','3','EDILBERTO RAMON ENDO','REPRESENTANTE LEGAL','3153281010','CLL 21 #1-24 APTO A','LAS ACACIAS','transmaguare@hotmail.es','','','ENTREGA EXTRATIEMPO POR FARIDE. Se decide no contestarla.'),(2016700,'2016-02-19','',1,8,'A','11','3','','','','','','','','',''),(2016702,'2016-02-22','',1,6,'construccion puente la amistad','15','3','','','','','','','','',''),(2016711,'2016-02-22','',1,6,'A','19','3','','','','','','','','',''),(2016712,'2016-02-22','',1,9,'A','6','3','','','','','','','','',''),(2016713,'2016-02-22','',1,6,'A','19','3','','','','','','','','',''),(2016717,'2016-02-22','',1,8,'A','11','3','','','','','','','','',''),(2017572,'2017-02-07','',2,1,'a','1','1','','','','','','','','','');
/*!40000 ALTER TABLE `solicitudescomunidad` ENABLE KEYS */;
UNLOCK TABLES;

--
-- Table structure for table `solicitudesplandedesarrollo`
--

DROP TABLE IF EXISTS `solicitudesplandedesarrollo`;
/*!40101 SET @saved_cs_client     = @@character_set_client */;
/*!40101 SET character_set_client = utf8 */;
CREATE TABLE `solicitudesplandedesarrollo` (
  `cod_solicitudplan` int(11) NOT NULL AUTO_INCREMENT,
  `cod_municipio` int(11) NOT NULL,
  `sectordelproyecto` int(11) NOT NULL,
  `objetivoyubicacion` varchar(250) NOT NULL,
  `afectacion` varchar(200) NOT NULL,
  `fase` int(11) NOT NULL,
  `valorproyecto` double NOT NULL,
  PRIMARY KEY (`cod_solicitudplan`)
) ENGINE=MyISAM AUTO_INCREMENT=1002 DEFAULT CHARSET=latin1;
/*!40101 SET character_set_client = @saved_cs_client */;

--
-- Dumping data for table `solicitudesplandedesarrollo`
--

LOCK TABLES `solicitudesplandedesarrollo` WRITE;
/*!40000 ALTER TABLE `solicitudesplandedesarrollo` DISABLE KEYS */;
INSERT INTO `solicitudesplandedesarrollo` (`cod_solicitudplan`, `cod_municipio`, `sectordelproyecto`, `objetivoyubicacion`, `afectacion`, `fase`, `valorproyecto`) VALUES (1,2,1,'objetivo y ubicacion del proyecto 1001','A todos',1,250000000),(2,5,2,'Objetivo 10','Afectacion 10',2,241000000),(3,5,3,'Objetivo 2','Afectacion 2',2,150000000),(4,14,8,'Ya hay gas','Pueblo',3,2000000),(5,6,4,'tendo derecho','afectados',2,100000),(6,2,1,'cancha de futbol','1000 personas',3,100000000),(7,2,19,'ffhdhdfh','100 viviendas',1,100),(8,2,19,'MEJORAMIENTO DESDE EL CASCO URBANO HASTA LA VEREDA SARDINATA POR LA CARRERA 14','10 KMS',1,1),(9,2,19,'MEJORAMIENTO DE LA VIA ALTO ACACIITAS - RANCHO GRANDE','50 KMS',1,1),(10,2,18,'CONSTRUCCION DE AVENIDA CIRCUNVALAR','1',1,1),(11,2,11,'CONSTRUCCION DE TERMINAL DE TRANSPORTE','80000 habitantes',1,1),(12,2,19,'MEJORAMIENTO DE LA VIA EL RESGUARDO - SAN JOSE DE LAS PALOMAS','60 KMS',1,1),(13,2,16,'POLIDEPORTIVO BARRIO NUEVA JERUSALEN','1',1,1),(14,2,19,'MEJORAMIENTO DESDE EL CASCO URBANO HASTA LA VEREDA EL PLAYON - VEREDA RANCHO GRANDE','1',1,1),(15,3,19,'MEJORAMIENTO DE LA VIA TERMALES SAN IGNACIO VEREDA EL ENCANTO','25 KM',1,1),(16,3,11,'CONSTRUCCION DE POLIFUNCIONAL SAN IGNACIO','1',1,1),(17,3,11,'CONSTRUCCION DE POLIFUNCIONAL CARUTAL','1',1,1),(18,4,18,'PAVIMENTACION VIA ACCESO AL MUNICIPIO DE CABUYARO','1',1,1),(19,4,5,'MEJORAMIENTO DE LA INFRAESTRUCTURA EDUCATIVA RURAL  Y URBANA','1',1,1),(20,4,11,'CONTRUCCION AUDITORIO CASA DE LA CULTURA','1',1,1),(21,4,11,'CONSTRUCCION DE LA PLAZA DE MERCADO PARA EL MUNICIPIO DE CABUYARO','todo el municipio',1,1),(22,4,19,'MEJORAMIENTO DE LA VIA RIO HUMEA AL VISO 4','35 KMS',1,1),(23,4,19,'MEJORAMIENTO DEL CRUCE DE LA VIA RIO HUMEA A PARATE BUENO','5 KMS',1,1),(24,4,19,'MEJORAMIENTO DEL CRUCE DE LA VIA RIO HUMEA A BOA UPA PASA POR CAÑO HIJO','1',1,1),(25,5,18,'CONSTRUCCION DE VIA PERIMETRAL MANGA DE COLEO-INTERSECCION VIA GUAMAL-CASTILLA Y PUENTE RIO GUAMAL','1',3,1),(26,5,16,'CONSTRUCCION DE CICLORUTA ENTRE CASTILLA LA NUEVA Y GUAMAL','1',1,1),(27,5,15,'CONSTRUCCION DE PUENTE VEHICULAR SOBRE RIO GUAMAL SECTOR LA HORMIGA','1',3,1),(28,6,15,'PUENTE SOBRE EL RIO ARIARI, PARA COMUNICAR CUBARRAL  CON DORADO Y CASTILLO','1',3,70000000000),(29,6,19,'VÍA ANGOSTURAS – RIO AZUL ','2.1 KMS',1,1),(30,6,19,'VÍA CUBARRAL – VERGEL ALTO ','3.15 KMS',1,1),(31,6,19,'MEJORAMIENTO DE LA VIA QUE DESDE EL MUNICIPIO CONDUCE A LA VEREDA EL CENTRAL','2 KMS',1,1),(32,7,5,'CONSTRUCCION MEGA COLEGIO AREA URBANA','todo el municipio',1,1),(33,7,16,'CONSTRUCCION PARQUE RECREATIVO Y DEPORTIVO EN EL CENTRO POBLADO DE GUACAVIA','1',1,1),(34,7,13,'OBRAS DE MITIGACION EN LA MARGEN DERECHA DEL RIO GUACAVIA SECTOR LA PLAYA','1',1,1),(35,5,18,'CONSTRUCCION DE VIA PERIMETRAL MANGA DE COLEO-INTERSECCION VIA GUAMAL-CASTILLA Y PUENTE RIO GUAMAL','1',3,1),(36,5,16,'CONSTRUCCION DE CICLORUTA ENTRE CASTILLA LA NUEVA Y GUAMAL','1',1,1),(37,5,15,'CONSTRUCCION DE PUENTE VEHICULAR SOBRE RIO GUAMAL SECTOR LA HORMIGA','1',3,1),(38,6,15,'PUENTE SOBRE EL RIO ARIARI, PARA COMUNICAR CUBARRAL  CON DORADO Y CASTILLO','ESTE PROYECTO TIENE ESTUDIOS Y DISEÑOS POR PARTE DE UNA CONSULTORIA',3,60000000000),(39,6,19,'VÍA ANGOSTURAS – RIO AZUL ','2.1 KMS',1,1),(40,6,19,'VÍA CUBARRAL – VERGEL ALTO ','3.15 KMS',1,1),(41,6,19,'MEJORAMIENTO DE LA VIA QUE DESDE EL MUNICIPIO CONDUCE A LA VEREDA EL CENTRAL','2 KMS',1,1),(42,7,5,'CONSTRUCCION MEGA COLEGIO AREA URBANA','1',1,1),(43,7,16,'CONSTRUCCION PARQUE RECREATIVO Y DEPORTIVO EN EL CENTRO POBLADO DE GUACAVIA','1',1,1),(44,7,13,'OBRAS DE MITIGACION EN LA MARGEN DERECHA DEL RIO GUACAVIA SECTOR LA PLAYA','1',1,1),(45,8,5,'CONSTRUCCION DE INTERNADO QUE BENEFICIARA A 200 ESTUDIANTES DEL COLEGIO SIMON BOLIVAR, INSPECCION DE SAN FRANCISCO, EL CALVARIO - META','1',1,5000000000),(46,8,5,'CONSTRUCCION DE INTERNADO QUE BENEFICIARA A 250 ESTUDIANTES DEL COLEGIO JUAN BAUTISTA ARNAUT, EL CALVARIO - META','1',1,5000000000),(47,8,20,'PAVIMENTACION DE LA RED URBANA DEL CASCO URBANO DEL MUNICIPIO EL CALVARIO - META','1',1,16000000000),(48,8,20,'PAVIMENTACION DE LA RED URBANA DEL CENTRO POBLADO DE SAN FRANCISCO,  DEL MUNICIPIO EL CALVARIO - META','1',1,2000000000),(49,8,15,'CONSTRUCCION DE PUENTE VEHICULAR QUEBRADA SAN CRISTOBAL, K3+0000 VIA SAN FRANCISCO - EL CALVARIO META','1',2,1),(50,8,16,'CONSTRUCCION DE CANCHA DE FUTBOL PARA EL MUNICIPIO EL CALVARIO- META','1',1,800000000),(51,8,16,'CONSTRUCCION DE CANCHA DE FUTBOL PARA EL CENTRO POBLADO DE SAN FRANCISCO,  EL CALVARIO- META','1',1,800000000),(52,8,23,'CONSTRUCCION DE 300 CASAS DE INTERES SOCIAL URBANA Y RURAL, EL CALVARIO . META','300 CASAS',1,1),(53,8,23,'MEJORAMIENTO DE 350 CASAS URBANA Y RURAL, EL CALVARIO - META','350 CASAS',1,1),(54,8,22,'ADECUACION Y CONSTRUCCION DEL SISTEMA DE ACUEDUCTO DOBLE PROPOSITO DEL CENTRO POBLADO DE SAN FRANCISCO, MUNICIPIO EL CALVARIO - META','1',1,1),(55,8,22,'CONSTRUCCION DEL SISTEMA DE TRATAMIENTO DE AGUAS RESIDUALES PARA EL CENTRO POBLADO SAN FRANCISCO, EL CALVARIO - META','1',1,1),(56,8,22,'OPTIMIZACION DE ACUEDUCTO VEREDA SAN LUIS DE LADERAS, EL CALVARIO - META','1',1,1),(57,8,19,'CONSTRUCCION DE PUENTE VEHICULAR CAÑOS NEGROS, SAN JUANITO - EL CALVARIO META','1',2,1),(58,8,19,'CONSTRUCCION DE 8000M DE PLACA HUELLAS, UBICADAS EN LOS DISTINTOS PUNTOS CRITICOS DE LAS VIAS QUE COMUNICAN SAN FRANCISCO - QUETAME, SAN FRANCISCO - EL CALVARIO,  MONFORTH - VILLAVICENCIO','8 KMS',1,15000000000),(59,8,19,'VIA EL CALVARIO - MONTERREDONDO','\"22 KMS EL CALVARIO - PARAMO DE SOBRETANA (ALTO DEL TIGRE) 14 KMS  PARAMO DE SOBRETANA (ALTO DEL TIGRE) - MONTEREDONDO, CUNDINAMARCA\"',1,93000000000),(60,8,19,'MEJORAMIENTO DE LA VIA QUE COMUNICA MONFORTH - VILLAVICENCIO','20 KMS',1,1),(61,8,19,'CONSTRUCCION DE TRANSPORTE NO CONVENCIONAL DE 1200 M EN CABLE MUNICIPIO EL CALVARIO - META','1.2 KMS',1,2500000000),(62,8,19,'APERTURA DE VIA EL CALVARIO - SAN FRANCISCO','8 KM',1,1),(63,8,19,'APERTURA DE VIA SAN PEDRO - VILLAVICENCIO','15 KM',1,1),(64,9,20,'PAVIMENTACION VIAS URBANAS EN MEDELLIN DEL ARIARI, DE LA VIA PRINCIPAL QUE COMUNICA A LOS MUNICIPIOS DEL CASTILLO Y CUBARRAL','1',1,4400000000),(65,9,7,'ESTUDIOS Y DISEÑOS DE VÍAS, PUENTES Y OBRAS DE MITIGACIÓN PRIORIZADAS POR EL MUNICIPIO DE EL CASTILLO','1',1,1200000000),(66,9,7,'ESTUDIOS Y DISEÑOS PARA LA CONSTRUCCIÓN DEL RELLENO SANITARIO  Y ADQUISICIÓN DEL PREDIO PARA EL RELLENO SANITARIO DEL MUNICIPIO DE EL CASTILLO','1',1,1),(67,9,20,'PAVIMENTACIÓN DE VÍAS DEL CENTRO POBLADO  DE MEDELLIN DEL ARIARI ','1',1,2400000000),(68,9,20,'PAVIMENTACIÓN DE VÍAS URBANAS DEL MUNICIPIO DE EL CASTILLO - META','1',1,4800000000),(69,9,13,'CONSTRUCCIÓN DE OBRAS DE MITIGACIÓN EN ZONAS DE RIESGO Y VULNERABLES DEL MUNICIPIO DE EL CASTILLO','1',1,1),(70,9,19,'MEJORAMIENTO DE LA VÍA QUE CONDUCE DESDE MEDELLIN DEL ARIARI, CENTRO POBLADO PUERTO ESPERANZA, VEREDA CAMPO ALEGRE','15 KMS',1,1),(71,9,19,'CONSTRUCCIÓN DEL PUENTE  VEHICULAR SOBRE EL RÍO LA CAL A LA ALTURA DE PUERTO ESPERANZA EN EL MUNICIPIO DE EL CASTILLO','1',1,35000000000),(72,1,19,'CONSTRUCCIÓN DEL PUENTE SOBRE CAÑO CLARO (PUENTE CAIDO) EN EL MUNICIPIO DE EL CASTILLO','1',1,15000000000),(73,9,19,'MEJORAMIENTO DE LA VIA QUE CONDUCE DESDE LA VEREDA UNION DE LA CAL, HASTA EL SECTOR EL GUAPE.','7 KMS',1,0),(74,9,19,'MEJORAMIENTO DE LA VIA QUE CONDUCE DE LA ZONA URBANA DE EL CASTILLO HASTA LA VEREDA CAÑO LINDO.','25 KMS',1,1),(75,9,19,'MEJORAMIENTO DE LA VÍA QUE CONDUCE DESDE EL CASTILLO DE LEJANÍAS - MESETAS (PAVIMENTO FLEXIBLE)','70 KMS',1,100000000000),(76,10,18,'DOBLE CALZADA VIA DE ACCESO AL MUNICIPIO DE EL DORADO QUE COMUNICA CON EL MUNICIPIO DE CASTILLO','1,5 KM',1,4400000000),(77,10,11,'CONSTRUCCION CENTRO DE ADULTO MAYOR','1',1,1),(78,10,11,'CONSTRUCCION DE LA PLAZA DE MERCADO PARA EL MUNICIPIO DE DORADO','1',1,1200000000),(79,10,19,'MEJORAMIENTO DE LA VIA CRUCE LA MASETA CAÑO LECHE A VEREDA ALTO CUMARAL','9 KMS',1,1),(80,10,19,'MEJORAMIENTO DE LA VIA QUE VA DESDE LA ESCUELA LA ESMERALDA A LA ESCUELA PALOMARCADO','4.2 KMS',1,1),(81,11,19,'VEREDA EL TRIUNFO','5.5 KMS',1,6782000000),(82,11,19,'VIA CENTRAL FUENTEDEORO - PUERTO LLERAS - LA LUNA - LA SHELL MATECOROZO - PUERTO LIMÓN','16 KMS',1,23440000000),(83,11,19,'TROCHA 7 - PUERTO NUEVO','2.5 KMS',1,3100000000),(84,11,1,'CENTRAL GRANADA - FUENTEDEORO - VEREDA EL PORVENIR - RÍO ARÍARI','3.5 KMS',1,11720000000),(85,11,19,'CENTRAL FUENTEDEORO - PUERTO LLERAS - VEREDA VERSALLES','2 KMS',1,2466000000),(86,12,5,'MEGA COLEGIO ','1',1,16000000000),(87,12,17,'VIA PUERTO LOPEZ GRANADA ','1',1,100000000000),(88,13,22,'TERMINACION DEL HOSPITAL (FASE2)','1',3,8200000000),(89,13,5,'TERMINACION DEL MEGACOLEGIO (FASE 2)','1',2,21000000000),(90,13,8,'CONSTRUCION GAS DOMICILIARIO ZONA RURAL','1',2,6500000000),(91,13,20,'CALLE 11 ENTRE 3A Y 10','1',2,6000000000),(92,13,20,'CARRERA 9 ENTRE 5 Y 19','1',1,5000000000),(93,13,20,'CARRERA 4 DG 4 Y CALLE 15','1',2,7000000000),(94,13,20,'MEJORAMIENTO Y RENOVACION URBANA CALLE 16 ENTRE 3A Y 9','1',1,5000000000),(95,14,20,'MEJORAMIENTO Y RENOVACION URBANA DE LA CARRERA 3A ENTRE 20 Y DG 2','1',1,1),(96,14,16,'CONSTRUCCION DEL MEGA PARQUE SAN ISIDRO','1',2,12000000000),(97,13,18,'CONSTRUCCION FASE 2 VIA ANTIGUA GUAMAL - ACACIAS','1',2,4000000000),(98,13,19,'MEJORAMIENTO DE LA VIA SANTA ANA SECTOR CUATRO ESQUINAS A VIOLETAS','1',2,4200000000),(99,13,19,'CONSTRUCCION FASE 2 VIA VEREDA LA ISLA','1',2,4000000000),(100,14,15,'PUENTE SOBRE EL RIO LOZADA EN SAN JUAN (MANTENIMEINTO)','81 MTS DE LUZ',1,200000000),(101,14,15,'PUENTE SOBRE EL RIO LOZADA, LAURELES','100 MTS DE LUZ',1,40000000000),(102,14,20,'VIA SAN JUAN-CRISTALINA-LAURELES','28 KMS',1,132000000000),(103,14,15,'PUENTE SOBRE EL RIO LOZADA, CRISTALINA','150 MTS DE LUZ',1,60000000000),(104,14,19,'VIA VEREDA EL RETIRO (4 PONTONES DE 8 A 12 M)','35 KMS',1,72000000000),(105,14,19,'VIA DEL TROPEZON, VEREDAS DE BUENOS AIRES, ORQUIDEA, SAN ANTONIO Y GUADUALES','ESTE VALOR INCLUYE DISEÑOS Y EL VALR DE LA OBRA 28 KMS, PLACA HUELLA',1,57000000000),(106,14,19,'FUNDACION A LA UNION','ESTE VALOR INCLUYE DISEÑOS Y EL VALR DE LA OBRA 18 KMS, PLACA HUELLA',1,37000000000),(107,14,19,'CAÑO ROJO, SAN ANTONIO ALTO Y SAN ANTONIO BAJO','ESTE VALOR INCLUYE DISEÑOS Y EL VALR DE LA OBRA 22 KMS, PLACA HUELLA',1,45000000000),(108,14,19,'PUENTE NO 3, DELICIAS, MORICHAL, MONTE BELLO','ESTE VALOR INCLUYE DISEÑOS Y EL VALR DE LA OBRA 32 KMS, PLACA HUELLA',1,65000000000),(109,14,19,'ANDES, VERGEL, LAURELES','ESTE VALOR INCLUYE DISEÑOS Y EL VALR DE LA OBRA 27 KMS, PLACA HUELLA',1,55000000000),(110,14,19,'SAN JOSE, LOS MEDIOS, PEÑA ROJA, UNION','ESTE VALOR INCLUYE DISEÑOS Y EL VALR DE LA OBRA 28 KMS, PLACA HUELLA',1,57000000000),(111,14,15,'PUENTE VIA SAN JOSE DEL GUAVIARE VEREDA SANTA TERESA CAÑO ROJO','CONSTRUCCION DE PUENTE CON 18 MTS DE LUZ, SE REQUIERE ACTUALIZAR A PRECIOS AIM',1,1250000000),(112,14,19,'PUENTE CAÑO CACHICAMO LA MACARENA, LIMITE CON EL GUAVIARE','CONSTRUCCION DE PUENTE CON 25 MTS DE LUZ, SE REQUIERE ACTUALIZAR A PRECIOS AIM',1,2500000000),(113,14,5,'INSTITUCION EDUCATIVA JOHN F KENNEDY','PARA UNA POBLACION BENEFIICIADA DE 900 ALUMNOS APROXIMADAMENTE',1,20000000000),(114,16,7,'ESTUDIOS DE GESTION DE RIESGOS PARA LA ACTUALIZACION DE EOT','1',2,300000000),(115,16,7,'PLAN DE MANEJO AMBIENTAL E INTEGRAL DE LA MACARENA','1',1,2000000000),(116,16,24,'DOTACION DE MAQUINARIA AMARILLA Y VERDE','TODO EL MUNICIPIO DE LEJANIAS',1,1500000),(117,16,18,'CONSTRUCCION DE CARRETERA INTERMUNICIPAL ENTRE EL CASTILLO, MESETAS Y LEJANIAS','MUNICIPIO DE LEJANIAS-MESETAS-CASTILLO',1,50000000),(118,16,5,'CONSTRUCCION DEL MEGA COLEGIO DE CACAYAL','CORREGIMIENTO DE CACAYAL',1,2000000000),(119,16,16,'CONSTRUCCION DE UN PLAN TURISTICO - PISCINAS DEL GUEJAR','TODO EL MUNICIPIO DE LEJANIAS',2,1000000000),(120,16,22,'CONSTRUCCION DE OBRAS BIOMECANICAS SOBRE LA MARGEN DE RIO GUAPE Y CAÑO URICHARE','VEREDA LA CABAÑA, CASCO URBANO, VEREDA LAS CAMELIAS, VEREDA TRES ESTRELLAS, EL TOPACIO, CORREGIMIENTO DE CACAYAL',1,1),(121,16,22,'ESTUDIOS Y CONSTRUCCION DEL ACUEDUCTO REGIONAL ','CUBRIR TODAS LAS VEREDAS DEL MUNICIPIO, CORREGIMIENTOS Y CENTROS PROBLADOS',1,1),(122,16,8,'DISEÑO Y CONSTRUCCION DE LAS REDES PARA EL GAS DOMICILIARIO URBANO Y RURAL','CUBRIR TODAS LAS VEREDAS DEL MUNICIPIO, CORREGIMIENTOS Y CENTROS PROBLADOS',1,12000000000),(123,16,24,'RECURSOS PARA FORTALECER EL FONDO DE DESARROLLO AGROPECUARIO','TODO EL MUNICIPIO DE LEJANIAS',1,1),(124,16,23,'CONSTRUCCION Y MEJORAMIENTO DE VIVIENDA EN EL SECTOR RURAL','TODAS LAS VEREDAS DEL MUNICIPIO',1,1),(125,16,7,'ESTUDIOS Y DISEÑOS PARA LA CONSTRUCCION DEL MALECON TURISTICO DE LEJANIAS','1',1,1),(126,16,7,'DISEÑO Y CONSTRUCCION DEL NUEVO PUENTE DE LA RECONCILIACION','10 VEREDAS DE LA MARGUEN IZQUIERDA DEL MUNICIPIO',1,3000000000),(127,16,19,'CONSTRUCCION PLACA HUELLA EN EL SECTOR RURAL - ZONA DE MONTAÑA','VEREDAS NARANJAL, CAFETALES, YUCAPE, ALVANIA, LUCITANIA., ALTA CRISTALINA, BAJA CRISTALINA, ANOSTURAS, DELICIAS, GUARUMAL, DIAMANTE, CABAÑA, ALTO LEJANIAS, MIRABAYES, SAN IGNACION.',1,1),(128,16,19,'PETROLIZADA DE LA ZONA PLANA DEL MUNICIPIO (60 KM)','VEREDAS EL ROBLE, CORREGIMIENTO DE CACAYAL, VEREDA LA AURORA, BRILLANTE, BUENOS AIRES, MARGARITAS, PARAISO, LA 22, LA 24, EL CRUCERO, EL TOPACIO, CONVENIO, TRES ESTRELLAS Y CAMELIAS ',1,60000000000),(129,17,23,'CONSTRUCCION DE VIVIENDA EN SITIO PROPIO PARA POBLACION VICTIMA, VULNERABLE E INDIGENA','1',1,1),(130,17,22,'CONSTRUCCIÓN DE ACUEDUCTOS INDIVIDUALES CON SISTEMAS DE POTABILIZACIÓN PARA LA POBLACIÓN RURAL','1',1,1),(131,17,6,'CONSTRUCCION DE REDES ELECTRICAS Y DE ALUMBRADO PÚBLICO PARA EL CASCO URBANO Y CENTRO POBLADO','1',1,12000000000),(132,17,16,'CONSTRUCCIÓN DE CENTRO DEPORTIVO Y CULTURAL MUNICIPAL','1',1,30000000000),(133,17,5,'CONSTRUCCION DEL CENTRO EDUCATIVO MUNICIPAL','1',1,20000000000),(134,17,19,'PAVIMENTACION Y/O ESTABILIZACIÓN DE LAS VIAS SUBREGIONALES: TIENDA NUEVA - MAPIRIPAN K18+500 AL 78+400 ','1',1,371250000000),(135,17,19,'PAVIMENTACION Y/O ESTABILIZACIÓN DE LAS VIAS SUBREGIONALES:  MAPIRIPAN - PUERTO ALVIRA ','70 KMS',1,433847000000),(136,17,19,'PAVIMENTACION Y/O ESTABILIZACIÓN DE LAS VIAS SUBREGIONALES:  CRUCE DE LA VIA SECUNDARIAMAPIRIPAN -  (SAN CARLOS DE GUAROA - PUERTO GAITAN )A PUERTO ALVIRA ','95 KMS',1,588793000000),(137,17,19,'PAVIMENTACION Y/O ESTABILIZACIÓN DE LAS VIAS SUBREGIONALES:  MAPIRIPAN - COOPERATIVA - GUACAMAYAS - CRUCE PUERTO RICO. (COMPRENDE TRAMO DE LA RED VIAL SECUNDARIA (MAPIRIPAN -SAN CARLOS DE GUAROA) Y (MAPIRIPAN -PUERTO GAITAN)','145 KMS',1,898685000000),(138,18,6,'CONSTRUCCION DE REDES ELECTRICAS EN BAJA Y MEDIA TENSION PARA EL ALUMBRADO PUBLICO NUEVO- PUENTE EL LIMON HASTA LA MANGA DE COLEO DEL MUNICIPIO DE MESETAS META ','1',1,196028016),(139,18,6,'CONSTRUCCIÓN DE ELECTRIFICACIÓN RURAL VEREDAS EL PORVENIR, EL PALMAR Y LA PAZ EN EL MUNICIPIO  DE MESETAS META ','71,99 KM DE REDES DE MT, 23,42 KM DE REDES DE BAJA TENSON IY LA INSTALACION DE 72 TRANSFROMADORES',1,4146279764),(140,18,19,'CONSTRUCCION DE PUENTE VEHICULAR VEREDA LAS MERCEDES','1',1,1100000000),(141,18,19,'MEJORAMIENTO CON OBRAS DE ARTE VIAL CRUCE SAN ISIDRO PUERTO -NARIÑO','35 KMS',1,12000000000),(142,18,19,'MEJORAMIENTO CON OBRAS DE ARTE VIAL CRUCE LA ARGENTINA','28.5 KMS',1,9772000000),(143,18,19,'MEJORAMIENTO CON OBRAS DE ARTE VIAL MESETAS-LA GUAJIRA-BUENAVISTA','40 KMS',1,13715000000),(144,18,5,'ESCUELA NUEVO PORVENIR','1',1,1),(145,18,5,'REUBICACIÒN ESCUELA LAS MERCEDES','1',1,100000000),(146,18,24,'MAQUINARIA PARA LA ADECUACION, MANTENIMIENTO Y REHABILITACION DE LAS VIAS TERCIARIAS Y SECUNDARIAS DEL MUNICIPIO','1',1,3000000000),(147,18,19,'MEJORAMIENTO CON OBRAS DE ARTE VIAL JARDIN DE PEÑAS-CAFETALES','40 KMS',1,13000000000),(148,18,19,'MEJORAMIENTO CON OBRAS DE ARTE VIALPAYANDESAL-BRUMAS-JASMIN-ALTO ANDES','28 KMS',1,9772000000),(149,18,15,'PUENTE SANTO DOMINGO','60 METROS LUZ',1,5000000000),(150,18,6,'CONSTRUCCIÓN DE ELECTRIFICACIÓN RURAL VEREDAS EL PORVENIR, EL PALMAR Y LA PAZ EN EL MUNICIPIO  DE MESETAS META ','72 KMS DE REDES',1,4150000000),(151,19,6,'CONSTRUCCION ELECTRIFICACION VEREDA PUERTO COLOMBIA, PLAYA NUEVA Y PUERTO CACAO, MARGEN IZQUIERDA,  MUNICIPIO DE PUERTO CONCORDIA, META.','1',1,1200000000),(152,19,22,'CONSTRUCCION DE RED DE ALCANTARILLADO SANITARIO Y PLANTA DE TRATAMIENTO DE AGUAS RESIDUALES EN EL CENTRO POBLADO EL PORORIO, MUNICIPIO DE PUERTO CONCORDIA.','1',1,1),(153,19,22,'CONSTRUCCION DE PLANTA DE TRATAMIENTO DE AGUAS RESIDUALES EN EL CENTRO POBLADO DE TIENDA NUEVA, VEREDA LINDENAL, MUNICIPIO DE PUERTO CONCORDIA, META. (EL MUNICIPIO YA TIENE ELABORADOS LOS ESTUDIOS Y DISEÑOS)','1',3,1),(154,19,23,'CONSTRUCCION DE VIVIENDA RURAL EN EL MUNICIPIO DE PUERTO CONCORDIA, META.','1',1,1),(155,19,5,'MEJORAMIENTO Y CONSTRUCCION  DE UNIDADES SANITARIAS EN LAS SEDES EDUCATIVAS DEL MUNICIPIO DE PUERTO CONCORDIA, META.','1',1,1),(156,19,24,'APOYO TECNICO EN LA TITULACION DE PREDIOS URBANOS Y RURALES, DEL MUNICIPIO DE PUERTO CONCORDIA, META. ','1',1,1),(157,19,19,'MEJORAMIENTO DE LA VÍA ARENALES - ALTO CAFRE ','25 KM',1,129000000000),(158,19,23,'MEJORAMIENTO DE VIVIENDA EN LA ZONA URBANA DEL MUNICIPIO DE PUERTO CONCORDIA, META.','1',1,1),(159,19,20,'PAVIMENTACION DEL BARRIO VILLA MARIN, EN LA CABECERA MUNICIPAL DE PUERTO CONCORDIA, META.','1',1,2000000000),(160,19,19,'MEJORAMIENTO DE VIA EL MELON, LA CRISTALINA Y BOCATOMA.','1',1,10000000000),(161,19,19,'CONSTRUCCION MEJORAMIENTO Y ADECUACION DE OBRAS DE ARTE SOBRE VIAS TERCIARIAS MUNICIPIO DE PUERTO CONCORDIA  META','1',1,31000000000),(162,19,19,'CONSTRUCCION DE PUENTE VEHICULAR SOBRE EL RIO ARIARI, MUNICIPIO DE PUERTO CONCORDIA META.','1',1,1),(163,20,24,'CONSTRUCCION DE CENTRO DE SALUD','1',1,1),(164,20,16,'CONSTRUCCION DE CIRCUITO AMBIENTAL DE PUERTO GAITAN','1',1,20000000000),(165,20,5,'CONSTRUCCION DE MEGACOLEGIO','1',1,15000000000),(166,20,5,'CONSTRUCCION DE LA VIA ALTO NEBLINAS-ALTO LA VIRGEN','20 KMS',1,49262000000),(167,22,19,'MEJORAMIENTO VIA LA BANQUETA-CABUYARO','17.8 KMS',1,1),(168,22,19,'PUERTO LÓPEZ-SAN LUIS-RÍO NEGRO','10 KMS',1,1),(169,22,19,'MULETOS-ALTAMIRA','102KMS',1,1),(170,24,19,'VÍA MIRALINDO','3 KMS',1,1),(171,24,20,'PAVIMENTACIÓN DE VÍAS URBANAS','1',3,8000000000),(172,24,19,'VÍA SAN NICOLAS ESCUELA SAN JORGE CIERRA CIRCUITO','1',1,1),(173,24,19,'CIRCUITO JAPÓN PAZ DE MINA , TURÍSTICO CANEY MARYAL','8 - 9 KMS',1,1),(174,24,19,'JARDINES DE LA ESPERANZA, ESCUELA BRISAS DE UPIA , HOTEL SOLDANDO GUARDEN.','1',1,1),(175,25,5,'CONSTRUCCION DEL MEGA COLEGIO INSTITUCION EDUCATIVA GABRIEL GARCIA MARQUES','1',3,22000000000),(176,25,5,'ESTUDIOS, DISEÑO Y CONSTRUCCION DEL MEGA COLEGIO INSTITUCION EDUCATIVA SIMON BOLIVAR','1',1,1),(177,25,5,'CONSTRUCCION DE NUEVAS AULAS PARA LA INSTITUCION EDUCATIVA ISABEL LA CATOLICA','1',1,1),(178,25,16,'MEJORAMIENTO DE ESCENARIOS DEPORTIVOS DE CAMBULOS Y MANGUITA DEL CASCO URBANO DEL MUNICIPIO DE SAN CARLOS','1',1,1),(179,25,11,'CONSTRUCCIÓN DE LA ESTACIÓN DE POLICIA DEL CENTRO POBLADO SURIMENA','1',1,1),(180,25,19,'MEJORAMIENTO DE VIA CRUCE FINCA COROSITO - CENTRO POBLADO SURIMENA DEL MUNICIPIO DE SAN CARLOS DE GUAROA','1',1,22000000000),(181,25,19,'MEJORAMIENTO DE VIA SAN CARLOS DE GUAROA - VEREDA ALTA MIRA','1',1,1),(182,25,19,'MEJORAMIENTO DE LA VIA QUE CONDUCE DEL CENTRO POBLADO DE PALMERAS AL CENTRO POBLADO RINCON DE PAJURE (17 KMS APROX)','1',1,1),(183,25,19,'MEJORAMIENTO DE LA VIA PALOMA-GUACHARACAS-CERRITOS- TROCHA 13','1',1,1),(184,25,19,'MEJORAMIENTO DE LA VIA PALOMA-GUACHARACAS-CERRITOS- TROCHA 13','1',1,1),(185,26,18,'CONSTRUCCION DE LA VIA CERRITOS CON LA PARTE ALTA URBANA DEL MUNICIPIO','1',1,1),(186,26,16,'PROYECTO TURISTICO PISCINAS DEL GUEJAR','1',1,1),(187,26,19,'MEJORAMIENTO DE LA VIA PALOMA-GUACHARACAS-CERRITOS- TROCHA 13','1',1,1),(188,26,19,'CONSTRUCION DE VIA A EL VERGEL -EL TOPACIO DESDE VIA PPAL A LEJANIAS + REQUIERE PROTECCION PARA PUENTE URICHARE','1',1,1),(189,26,19,'CONSTRUCCION DE VIA VEREDA EL ROSAL INCLUYE MURO DE CONTENSION ','1',1,1),(190,27,19,'MEJORAMIENTO SAN JUANITO CHINGAZA - FOMEQUE CUNDINAMARCA','1',1,1),(191,27,19,'MEJORAMIENTO SAN JUANITO - CALVARIO','ESTE VALOR INCLUYE DISEÑOS Y EL VALR DE LA OBRA CON UNA CONSTRUCCION APROXIMADA DE 70 KMTS, DE LOS CUALES 40 SON DEL META (65.000 MILLONES ) Y LOS OTROS DE CUNDINAMARCA',1,120000000000),(192,27,19,'MEJORAMIENTO DE LA VIA  QUE COMUNICA A SAN JUANITO CON LAS VEREDAS SAN LUIS DE TOLEDO Y EL TABLON','ESTE VALOR INCLUYE DISEÑOS Y EL VALR DE LA OBRA CON UNA CONSTRUCCION APROXIMADA DE 25 KMTS',1,40727000000),(193,27,19,'PAVIMENTACION DE LAS VIAS URBANAS ETAPA 2','ESTE VALOR INCLUYE DISEÑOS Y EL VALR DE LA OBRA CON UNA CONSTRUCCION APROXIMADA DE 17 KMTS',1,27558000000),(194,27,5,'INTERNADO ETAPA 2','ESTE VALOR INCLUYE DISEÑOS Y EL VALR DE LA OBRA CON UNA CONSTRUCCION APROXIMADA DE 2.4 KMTS,DISEÑOS EN EL BANCO DE PROYECTOS DEPRTAMENTAL, SE DEBE ACTUALIZAR',1,16500000000),(195,27,5,'CONSTRUCCION  SEDE INSTITUCION EDUCATIVA JOHN F. KENNEDY','DISEÑOS PARA ACTUALIZACION',1,6000000000),(196,27,15,'CONSTRUCCION PUENTES COLGANTES PEATONALES SOBRE LA QUEBARADA LA MORENO Y EL RIO GUATIQUIA, SECTOR VEREDA SAN ROQUE','SE BENEFICIARAN 600 ALUMNOS APROXIMADAMENTE',1,5000000000),(197,27,15,'CONSTRUCCION PUENTE VEHICULAR EN CONCRETO SOBRE EL RIO GUATIQUIA VEREDA SAN LUIS DE TOLEDO','HAY ESTUDIOS Y DISEÑOS EFECTUADOS POR EL MUNICIPIO, UNO DE 45 MYS YEL OTRO DE 97 MTS, SE DEBE ACTUALIZAR PRECIOS',1,1100000000),(198,27,15,'MEJORAMIENTO PUENTE COLGANTE VEHICULAR TIPO LIVIANO SOBRE LA QUEBRADA LA MORENO VEREDA SAN JOSE','17 MTS DE LUZ',1,7500000000),(199,27,11,'CABLE VIA PARA UNIR VEREDA CANDELARIA A LA VEREDA SAN ROQUE','1',1,800000000),(200,27,11,'CABLE VIA PARA UNIR VEREDA EL CARMEN AL SECTOR DE LAJITAS SOBRE EL CAÑON DEL RIO GUATIQUIA','1.8 KMS',1,2500000000),(201,28,18,'MEJORAMIENTO VÍA SAN MARTÍN - EL MEREY - GUALAS - BAJO CAMOA','1',1,1),(202,28,18,'MEJORAMIENTO VÍA SAN MARTÍN - MATUPA - COPELON','1',1,1),(203,28,18,'MEJORAMIENTO VÍA SAN MARTÍN - SAN FRANCISCO - RODRILANDIA - LA NOVILLA','1',1,1),(204,28,18,'MEJORAMIENTO VÍA SAN MARTÍN - LA CAMACHERA','1',1,1),(205,28,18,'MEJORAMIENTO VÍA SAN MARTÍN - LA QUEBRADITA','1',1,1),(206,28,18,'MEJORAMIENTO VÍA SAN MARTÍN - EL TREINTA (30)','1',1,1),(207,28,18,'MEJORAMIENTO VÍA SAN MARTÍN - ALTO RUBIANO','1',1,1),(208,28,18,'MEJORAMIENTO VÍA CRUCE SAN MARTÍN CASTAÑEDA A LA VEREDA GRAN CHAPARRAL','1',1,1),(209,28,18,'MEJORAMIENTO VÍA CRUCE SAN MARTÍN  CHAPARRAL A LA VEREDA GRAN CASTASÑEDA','1',1,1),(210,15,19,'PUENTE SOBRE EL DUDA AL SALIR DE URIBE, VIA LA JULIA','30 MTS LINEALES ',1,7000000000),(211,15,19,'VIA URIBE LA JULIA','MAS O MENOS 55 KM ',1,152000000000),(212,15,19,'VIA JARDIN DE PEÑAS','1',1,1),(213,30,19,'\"MEJORAMIENTO VIA  CASCO URBANO - VEREDA MARACAIBO\"','ESTE VALOR INCLUYE DISEÑOS Y EL VALR DE LA OBRA 13 KMS',1,18500000000),(214,30,19,'\"MEJORAMIENTO VIA  CASCO URBANO - PIÑALITO\"','ESTE VALOR INCLUYE DISEÑOS Y EL VALR DE LA OBRA 30 KMS',1,135000000000),(215,28,15,'PUENTE SARDINATA','ESTE VALOR INCLUYE DISEÑOS Y EL VALR DE LA OBRA CON UNA LUZ APROXIMADA DE 50 MTS',1,12000000000),(216,30,7,'ESTUDIOS Y DISEÑOS PARA LA CONSTRUCCION DEL COMPLEJO DEPORTIVO 26 DE AGOSTO EN LA VEREDA DE CAMPO ALEGRE, MUNICIPIO DE VISTA HERMOSA -META.','ESTE VALOR INCLUYE DISEÑOS Y EL VALR DE LA OBRA, DICHOS ESTUDIOS FUERON REALIZADOS POR UNA CONSULTORIA',1,4000000000),(217,1,19,'CONSTRUCCION DEL CENTRO DE INTEGRACION CIUDADANA, MUNICIPIO DE VISTA HERMOSA - META.','ESTE VALOR INCLUYE DISEÑOS Y EL VALR DE LA OBRA.',1,1000000000),(218,30,22,'PLAN DE SANEAMIENTO Y MANEJO DE VERTIMIENTOS - PSMV CENTRO POBLADO MARACAIBO VISTA HERMOSA - META','1',1,10980000000),(219,30,6,'CONSTRUCCION ELECTRIFICACION VEREDA JERICO SECTOR LA ESCUELA MUNICIPIO DE VISTA HERMOSA META','ESTE VALOR INCLUYE DISEÑOS Y EL VALR DE LA OBRA CON UNA CONSTRUCCION APROXIMADA DE 17 KMTS DE RED',1,900000000),(220,30,6,'CONSTRUCCION ELECTRIFICACION RURAL VEREDA PUERTO LUCAS MARGEN DERECHA DEL RIO GUEJAR SECTOR JERICO MUNICIPIO DE VISTA HERMOSA META.','ESTE VALOR INCLUYE DISEÑOS Y EL VALR DE LA OBRA CON UNA CONSTRUCCION APROXIMADA DE 13 KMTS DE RED',1,850000000),(221,30,6,'CONSTRUCCION Y COMPLEMENTACION DE REDES ELECTRICAS EN LAS VEREDAS LA ALBANIA, LA PALESTINA Y LA CRISTALINA DEL MUNICIPIO DE VISTA HERMOSA META.','ESTE VALOR INCLUYE DISEÑOS Y EL VALR DE LA OBRA CON UNA CONSTRUCCION APROXIMADA DE 35 KMTS DE RED',1,2400000000),(222,30,23,'MEJORAMIENTO DE VIVIENDA DE INTERES SOCIAL RURAL Y URBANA DEL MUNICIPIO DE VISTA HEMROSA META','1',1,1),(223,30,6,'CONTRUCCION DE LAS REDES ELECTRICAS VEREDAS BUENOS AIRES, TALANQUERAS, CAÑO VEINTE','ESTE VALOR INCLUYE DISEÑOS Y EL VALR DE LA OBRA CON UNA CONSTRUCCION APROXIMADA DE 38 KMTS DE RED',1,2400000000),(224,30,16,'MIRADOR TURISTICO','1',1,1),(225,30,20,'\"PAVIMENTACION VIAS URBANAS CALLE 12 ENTRE LA CARRERA 10 HASTA LA CARRERA 4\"','1 KMS',1,1),(226,30,16,'CONTRUCCION DE TRES POLIDEPORTIVOS ( POR DEFINIR)','ESTE VALOR INCLUYE DISEÑOS Y EL VALR DE LA OBRA.',1,3600000000),(227,30,5,'ESTUDIOS PARA LA ACTUALIZACION DEL ESQUEMA DE ORDENAMIENTO TERRITORIAL ( EOT)','1',1,1),(228,30,19,'PAVIMENTACION  CENTRO POBLADO PUERTO LUCAS - PORVENIR','15 KMS',1,1),(229,30,22,'COSNTRUCCION DEL SISTEMA DE ACUEDUCTO POR GRAVEDAD DEL MUNICIPIO DE VISTA HERMOSA META','1',1,1),(230,30,6,'ELECTRIFICACION VEREDA GUAPAYA MEDIO ','1',1,1),(231,30,19,'CONSTRUCCION MEJORAMIENTO Y ADECUACION DE OBRAS DE ARTE SOBRE VIAS TERCIARIAS MUNICIPIO DE VISTA HERMOSA META','1',1,277000000),(232,30,19,'MEJORAMIENTO DE LA VIA ENTRE PIÑALITO, PUERTO TUSA, PUERTO CHORIZO, VEREDA LA ARGENTINA, VISTAHERMOSA.','ESTE VALOR INCLUYE DISEÑOS Y EL VALR DE LA OBRA 16 KMS',1,74000000000),(233,30,19,'MEJORAMIENTO DE LA VIA PUERTO LUCAS - MARACAIBO - CAÑO AMARILLO - SANT DOMINGO, INCLUYE PUENTES SOBRE SARDINATA 60 MTS, CAÑO GRIS 12 MTS, CAÑO UNION 40 MTS, CAÑO FISTO 12 MTS, CAÑO GUIO 10  MTS','30 KMS',1,1),(234,30,19,'MEJORAMIENTO VISTA HERMOSA - PIÑALITO','20 KMS',1,1),(235,30,19,'MEJORAMIENTO PUERTO LUCAS - COSTA RICA','23 KMS',1,1),(236,30,15,'PUENTE SOBRE EL RIO GUEJAR SECTOR PIÑALITO','ESTE VALOR INCLUYE DISEÑOS Y EL VALR DE LA OBRA CON UNA LUZ APROXIMADA DE 50 MTS',1,12000000000),(237,30,6,'ILUMINACION CAMPO DEPORTIVO BUENOS AIRES, CAMPO DEPORTIVO CENTRO POBLADO PIÑALITO MUNICIPIO DE VISTA HERMOSA META','ESTE VALOR INCLUYE DISEÑOS Y EL VALR DE LA OBRA PARA LA ILUMINACION DE 2 CAMPOS DEPORTIVOS',1,600000000),(238,18,6,'35 veredas sin electrificar buena vista (zona de concentracion) (segunda etapa) 44 usuarios, ondas del cafre 68 us, guajira 25 us (zona de concentracion), florida 24 us, union (zc), esperanza (zc), horizonte, paraiso, cominera, montebello, diamante (','',1,0),(239,9,6,'Caño Embarrado 19 us, El Retiro 17 us, La Esperanza 25 us, Alto Yuicape 15 us, Campo Alegre 15 us, Caño Leche 32 us, Caño Lindo 22 us, Alto Cumaral 10 us, Miravalles 8 us, La cumbre parte baja 20 us, Ramales varias veredas 40 us','',1,0),(240,16,6,'3 veredas bellavista 600 us, miravalles del guejar 200 us y floresta 400 us (reserva en parques), segunda etapa de guarumal 200 us (reserva en parques), vereda angosturas segunda etapa 100 us, naranjal segunda etapa 50 us.','',1,0),(241,19,6,'Veredas Margen Derecha Ariari','',1,0),(242,23,6,'Zona guejar (15 veredas) y toledo (zona urbana, ya interconectada), sector cafre, (3 centros poblados barranco colorado, puerto chispas y charco danto y caserio de la esperanza). Zona turistica (4 veredas lindosa, guacamayas, caño raya y san vicente ','',1,0),(243,17,6,'Todos los Centros poblados: Puerto Alvira, Rincon del Indio, Guacamayas, Cooperativa, la Jungla, El Anzuelo y Siare, El Danubio','',1,0);
/*!40000 ALTER TABLE `solicitudesplandedesarrollo` ENABLE KEYS */;
UNLOCK TABLES;

--
-- Table structure for table `subsector`
--

DROP TABLE IF EXISTS `subsector`;
/*!40101 SET @saved_cs_client     = @@character_set_client */;
/*!40101 SET character_set_client = utf8 */;
CREATE TABLE `subsector` (
  `cod_subsector` int(11) NOT NULL AUTO_INCREMENT,
  `subsector` varchar(50) NOT NULL,
  PRIMARY KEY (`cod_subsector`)
) ENGINE=MyISAM AUTO_INCREMENT=16 DEFAULT CHARSET=latin1;
/*!40101 SET character_set_client = @saved_cs_client */;

--
-- Dumping data for table `subsector`
--

LOCK TABLES `subsector` WRITE;
/*!40000 ALTER TABLE `subsector` DISABLE KEYS */;
INSERT INTO `subsector` (`cod_subsector`, `subsector`) VALUES (1,'Sin Sub Sector'),(2,'Banco de Maquinaria'),(3,'Escenarios Deportivos'),(4,'Estudios y Diseños'),(5,'Gestion del Riesgo'),(6,'Infraestructura Educativa'),(7,'Malecon Turistico'),(8,'Puentes'),(9,'Red Alta Tension'),(10,'Red Baja Tension'),(11,'Red Media Tension'),(12,'Vias Primarias'),(13,'Vias Secundarias'),(14,'Vias Terciarias'),(15,'Vias Urbanas');
/*!40000 ALTER TABLE `subsector` ENABLE KEYS */;
UNLOCK TABLES;

--
-- Table structure for table `tablasfinancieras`
--

DROP TABLE IF EXISTS `tablasfinancieras`;
/*!40101 SET @saved_cs_client     = @@character_set_client */;
/*!40101 SET character_set_client = utf8 */;
CREATE TABLE `tablasfinancieras` (
  `cod_tablafinanciera` int(11) NOT NULL AUTO_INCREMENT,
  `cod_proyecto` int(11) NOT NULL,
  `momento_tablafinanciera` int(11) NOT NULL,
  `fecha_tablafinanciera` date NOT NULL,
  `valor` double NOT NULL,
  `observaciones` varchar(250) NOT NULL,
  PRIMARY KEY (`cod_tablafinanciera`)
) ENGINE=MyISAM AUTO_INCREMENT=7 DEFAULT CHARSET=latin1;
/*!40101 SET character_set_client = @saved_cs_client */;

--
-- Dumping data for table `tablasfinancieras`
--

LOCK TABLES `tablasfinancieras` WRITE;
/*!40000 ALTER TABLE `tablasfinancieras` DISABLE KEYS */;
INSERT INTO `tablasfinancieras` (`cod_tablafinanciera`, `cod_proyecto`, `momento_tablafinanciera`, `fecha_tablafinanciera`, `valor`, `observaciones`) VALUES (1,201709,1,'0000-00-00',100000,''),(2,201709,1,'0000-00-00',200,''),(3,201673,23,'2017-02-14',100,''),(4,201606,23,'2016-06-29',414797440,'Rp No. 485'),(5,201606,5,'2016-12-20',207398720,'50%'),(6,201715,1,'2017-02-15',100000,'ninguna');
/*!40000 ALTER TABLE `tablasfinancieras` ENABLE KEYS */;
UNLOCK TABLES;

--
-- Table structure for table `username`
--

DROP TABLE IF EXISTS `username`;
/*!40101 SET @saved_cs_client     = @@character_set_client */;
/*!40101 SET character_set_client = utf8 */;
CREATE TABLE `username` (
  `id` int(11) NOT NULL AUTO_INCREMENT,
  `usu` varchar(255) COLLATE utf8_swedish_ci NOT NULL,
  `con` varchar(255) COLLATE utf8_swedish_ci NOT NULL,
  `doc` double NOT NULL,
  `nom` varchar(100) COLLATE utf8_swedish_ci NOT NULL,
  `ape` varchar(100) COLLATE utf8_swedish_ci NOT NULL,
  `tel` varchar(20) COLLATE utf8_swedish_ci NOT NULL,
  `cel` varchar(20) COLLATE utf8_swedish_ci NOT NULL,
  `sexo` varchar(20) COLLATE utf8_swedish_ci NOT NULL,
  `dir` varchar(100) COLLATE utf8_swedish_ci NOT NULL,
  `nota` varchar(255) COLLATE utf8_swedish_ci NOT NULL,
  `fechar` date NOT NULL,
  `estado` varchar(10) COLLATE utf8_swedish_ci NOT NULL,
  `correo` varchar(255) COLLATE utf8_swedish_ci NOT NULL,
  `fecha` date NOT NULL,
  `tipo` varchar(255) COLLATE utf8_swedish_ci NOT NULL,
  PRIMARY KEY (`id`)
) ENGINE=MyISAM AUTO_INCREMENT=71 DEFAULT CHARSET=utf8 COLLATE=utf8_swedish_ci;
/*!40101 SET character_set_client = @saved_cs_client */;

--
-- Dumping data for table `username`
--

LOCK TABLES `username` WRITE;
/*!40000 ALTER TABLE `username` DISABLE KEYS */;
INSERT INTO `username` (`id`, `usu`, `con`, `doc`, `nom`, `ape`, `tel`, `cel`, `sexo`, `dir`, `nota`, `fechar`, `estado`, `correo`, `fecha`, `tipo`) VALUES (59,'40433146','40433146',40433146,'Monica','Puerto Leon','','3214790802','f','a','','2017-01-17','s','mpl2002@idm-meta.gov.co','1973-01-01','c'),(58,'40188939','40188939',40188939,'Melby Dayan','Acevedo Duran','','3133722127','f','a','','2017-01-17','s','melbydayan@gmail.com','1973-01-01','c'),(14,'79985841','654321',79985841,'ALEXANDER','CHINCHILLA RODRIGUEZ','','3133761969','m','Calle 33B N 33-61','Barrio Barzal','0000-00-00','s','chalx64@hotmail.com','1979-01-03','a'),(57,'86068465','Mauroforero81',86068465,'Mauricio','Forero','','3114823110','m','a','','2017-01-17','s','mauricio.forero@idm-meta.gov.co','1973-01-01','c'),(56,'86079518','86079518',86079518,'Julian Alberto','Osorio Copete','','3045454434','m','a','','2017-01-17','s','julian.osorio@idm-meta.gov.co','1973-01-01','c'),(26,'79615909','Lancero1del0',79615909,'Richard','Mancera Mancera','(8) 6846384','3208554265','m','Calle 00 N 00-00','Ninguna observacion','2017-01-08','s','proyectos@idm-meta.gov.co','1973-01-31','a'),(55,'1049613824','1049613824',1049613824,'Juan David','Valderrama','','3177505542','m','a','','2017-01-17','s','tvingjuan@gmail.com','1973-01-01','c'),(54,'17336065','17336065',17336065,'John Fitgeral','Pinzon','','3114754799','m','a','','2017-01-17','s','fitrgeraldpinzon@hotmail.com','1973-01-01','c'),(53,'80882602','80882602',80882602,'Fernando ','Espejo','','3014661058','m','a','','2017-01-17','s','asleyfer@gmail.com','1973-01-01','c'),(52,'40186544','40186544',40186544,'Diana Marcela','Gutierrez Cabrera','','3203060781','f','a','','2017-01-17','s','dianamarcelagutierrez5@gmail.com','1973-01-01','c'),(51,'33376523','SARAYSANTI',33376523,'Diana Iveth','Restrepo Holguín','','3103295260','f','carrera 31 No. 38 - 41','','2017-01-17','s','diana.restrepo@idm-meta.gov.co','1973-01-01','c'),(50,'1121879579','1121879579',1121879579,'Daniel Fernando','Garcia Diaz','','3134866146','m','a','','2017-01-17','s','arqdanielgarcia10@gmail.com','1973-01-01','c'),(47,'3277194','3277194',3277194,'Breinner Stevensson','Vargas Martinez','','3103365915','m','a','','2017-01-17','s','breinner.vargas@idm-meta.gov.co','1973-01-01','c'),(46,'1121856246','1121856246',1121856246,'Angela ','Castro Espinosa','','3175131862','f','a','','2017-01-17','s','angelacastroespinosa@gmail.com','1973-01-01','c'),(49,'53124411','53124411',53124411,'Cheryl','Martinez','','3107761670','f','a','','2017-01-17','s','cherylmo28@gmail.com','1973-01-01','c'),(48,'1121850688','1121850688',1121850688,'Camilo Ernesto','Balcazar Castillo','','3143957617','m','a','','2017-01-17','s','camilobalcazarc@hotmail.com','1973-01-01','c'),(45,'79790970','79790970',79790970,'Alexis Adrian','Ramirez','','3125192397','m','a','','2017-01-17','s','alexis16r@gmail.com','1973-01-01','c'),(43,'123','123456',123,'pepito','perez','36413','3213241','m','sad sd454','sad ','0000-00-00','s','','0000-00-00','c'),(44,'42099556','42099556',42099556,'Alejandra Maria','Duque Mejia','','3124578862','f','a','','2017-01-17','s','ing.electrica@idm-meta.gov.co','1973-01-01','c'),(60,'86042973','86042973',86042973,'Oscar Eduardo','Viscaino Diaz','','3102033191','m','a','','2017-01-17','s','oscar2013.idm@gmail.com','1973-01-01','c'),(61,'1121870808','1121870800',1121870808,'Sandra Milena ','Castaño Cifuentes','','3133759180','f','a','','2017-01-17','s','milena.castano@idm-meta.gov.co','1973-01-01','c'),(62,'86070629','86070629',86070629,'Wilder','Guevara Beltran','','3104769701','m','a','','2017-01-17','s','wilorguebe@gmail.com','1973-01-01','c'),(63,'40329720','Octubre4de2011',40329720,'María Victoria','Ruiz','','3212968611','f','a','','2017-01-20','s','mariavictoria.ruizprieto@gmai.com','1973-01-01','c'),(64,'1033709469','1033709469',1033709469,'Yuri Katherine','Duarte Pedraza','','3118823052','f','Puerto lleras','inspectora de la interventoria','2017-01-30','s','consorciometapuenteariari@gmail.com','1989-05-08','c'),(65,'1121879569','1121879569',1121879569,'Daniel Fernando','Garcia Diaz','','3134866146','m','cr 47 44 27','','2017-02-03','s','arqdanielgarcia10@gmail.com','1991-08-10','c'),(66,'52490885','52490885',52490885,'Diana','León','','3115067788','f','cl 35 14 59 mz 6 casa 1','','2017-02-04','s','dianamla2022@gmail.com','1977-09-03','c'),(67,'40048953','40048953',40048953,'Adriana Marisol','Wilches Goyeneche','','3162867856','f','calle 40 32 50','','2017-02-15','s','wilchesadriana@gmail.com','1980-07-07','c'),(68,'1121918365','1121918365',1121918365,'John','Alvarrez','','3112176650','m','a','','2017-02-16','s','alvarez.ejhon@gmail.com','0973-01-01','a'),(69,'51943456','GLORIA2017',51943456,'Gloria Ines',' Vasquez Ramos','','3203380675','f','Cl 18b s No. 45b - 45','','2017-02-20','s','gloria.vasquez@idm-meta.gov.co','1968-10-04','a'),(70,'86045262','86045262',86045262,'Rene ','Rincón Sastoque','','3005586914','m','serramonte 2 casa 4','','2017-02-22','s','ingerenerincon@gmail.com','1974-09-11','a');
/*!40000 ALTER TABLE `username` ENABLE KEYS */;
UNLOCK TABLES;

--
-- Dumping events for database 'gerenci1_base_proyectos'
--

--
-- Dumping routines for database 'gerenci1_base_proyectos'
--
/*!40103 SET TIME_ZONE=@OLD_TIME_ZONE */;

/*!40101 SET SQL_MODE=@OLD_SQL_MODE */;
/*!40014 SET FOREIGN_KEY_CHECKS=@OLD_FOREIGN_KEY_CHECKS */;
/*!40014 SET UNIQUE_CHECKS=@OLD_UNIQUE_CHECKS */;
/*!40101 SET CHARACTER_SET_CLIENT=@OLD_CHARACTER_SET_CLIENT */;
/*!40101 SET CHARACTER_SET_RESULTS=@OLD_CHARACTER_SET_RESULTS */;
/*!40101 SET COLLATION_CONNECTION=@OLD_COLLATION_CONNECTION */;
/*!40111 SET SQL_NOTES=@OLD_SQL_NOTES */;

-- Dump completed on 2017-02-25 14:45:58
